onset	duration	sample	value
1.0350000000	n/a	1035	146
1.2350000000	n/a	1235	231
1.9970000000	n/a	1997	998
2.2520000000	n/a	2252	208
2.8350000000	n/a	2835	186
3.0350000000	n/a	3035	199
3.8530000000	n/a	3853	998
4.0520000000	n/a	4052	208
4.6350000000	n/a	4635	146
4.8350000000	n/a	4835	215
5.6530000000	n/a	5653	998
5.8520000000	n/a	5852	208
6.4180000000	n/a	6418	206
6.6180000000	n/a	6618	184
7.4210000000	n/a	7421	998
7.6350000000	n/a	7635	208
8.2180000000	n/a	8218	146
8.4180000000	n/a	8418	215
9.0610000000	n/a	9061	998
9.4350000000	n/a	9435	208
10.0180000000	n/a	10018	236
10.2180000000	n/a	10218	207
10.7650000000	n/a	10765	998
11.2350000000	n/a	11235	208
11.8180000000	n/a	11818	186
12.0180000000	n/a	12018	135
12.7330000000	n/a	12733	998
13.0350000000	n/a	13035	208
13.6180000000	n/a	13618	142
13.8180000000	n/a	13818	145
14.4130000000	n/a	14413	998
14.8350000000	n/a	14835	208
15.4010000000	n/a	15401	236
15.6010000000	n/a	15601	175
16.1970000000	n/a	16197	998
16.6180000000	n/a	16618	208
17.2010000000	n/a	17201	146
17.4010000000	n/a	17401	231
17.9810000000	n/a	17981	998
18.4180000000	n/a	18418	208
19.0010000000	n/a	19001	206
19.2010000000	n/a	19201	132
19.6930000000	n/a	19693	998
20.2180000000	n/a	20218	208
20.8010000000	n/a	20801	186
21.0020000000	n/a	21002	135
21.5900000000	n/a	21590	998
22.0190000000	n/a	22019	208
22.6020000000	n/a	22602	186
22.8020000000	n/a	22802	167
23.3980000000	n/a	23398	998
23.8190000000	n/a	23819	208
24.3860000000	n/a	24386	142
24.5860000000	n/a	24586	176
25.1660000000	n/a	25166	998
25.6020000000	n/a	25602	208
26.1690000000	n/a	26169	206
26.3690000000	n/a	26369	132
26.9340000000	n/a	26934	998
27.3850000000	n/a	27385	208
27.9520000000	n/a	27952	146
28.1520000000	n/a	28152	215
28.8220000000	n/a	28822	998
29.1690000000	n/a	29169	208
29.7520000000	n/a	29752	236
29.9520000000	n/a	29952	239
30.4940000000	n/a	30494	998
30.9690000000	n/a	30969	208
31.5350000000	n/a	31535	186
31.7350000000	n/a	31735	135
32.3340000000	n/a	32334	998
32.7520000000	n/a	32752	208
33.3350000000	n/a	33335	186
33.5350000000	n/a	33535	199
34.1020000000	n/a	34102	998
34.5520000000	n/a	34552	208
35.1190000000	n/a	35119	206
35.3190000000	n/a	35319	216
35.8700000000	n/a	35870	998
36.3350000000	n/a	36335	208
36.9190000000	n/a	36919	146
37.1190000000	n/a	37119	183
37.7420000000	n/a	37742	998
38.1350000000	n/a	38135	208
38.7190000000	n/a	38719	236
38.9190000000	n/a	38919	207
39.4780000000	n/a	39478	998
39.9350000000	n/a	39935	208
40.5190000000	n/a	40519	186
40.7190000000	n/a	40719	251
41.2700000000	n/a	41270	998
41.7350000000	n/a	41735	208
42.3190000000	n/a	42319	146
42.5190000000	n/a	42519	215
43.1260000000	n/a	43126	998
43.5350000000	n/a	43535	208
44.1020000000	n/a	44102	210
44.3020000000	n/a	44302	209
44.9740000000	n/a	44974	998
45.3180000000	n/a	45318	208
45.9020000000	n/a	45902	206
46.1020000000	n/a	46102	248
46.7660000000	n/a	46766	998
47.1180000000	n/a	47118	208
47.7020000000	n/a	47702	210
47.9020000000	n/a	47902	255
48.5180000000	n/a	48518	998
48.9180000000	n/a	48918	208
49.4850000000	n/a	49485	206
49.6850000000	n/a	49685	216
50.3260000000	n/a	50326	998
50.7020000000	n/a	50702	208
51.2680000000	n/a	51268	186
51.4680000000	n/a	51468	199
51.9980000000	n/a	51998	998
52.4850000000	n/a	52485	208
53.0520000000	n/a	53052	206
53.2520000000	n/a	53252	248
53.7660000000	n/a	53766	998
54.2680000000	n/a	54268	208
54.8520000000	n/a	54852	186
55.0520000000	n/a	55052	167
55.6140000000	n/a	55614	998
56.0680000000	n/a	56068	208
56.6350000000	n/a	56635	142
56.8350000000	n/a	56835	145
57.5250000000	n/a	57525	998
57.8520000000	n/a	57852	208
58.4350000000	n/a	58435	142
58.6350000000	n/a	58635	300
59.2220000000	n/a	59222	998
59.6530000000	n/a	59653	208
60.2360000000	n/a	60236	206
60.4360000000	n/a	60436	216
61.1180000000	n/a	61118	998
61.4530000000	n/a	61453	208
62.0360000000	n/a	62036	206
62.2360000000	n/a	62236	184
63.1180000000	n/a	63118	998
63.2530000000	n/a	63253	208
63.8360000000	n/a	63836	206
64.0360000000	n/a	64036	184
64.7100000000	n/a	64710	998
65.0520000000	n/a	65052	208
65.6360000000	n/a	65636	210
65.8360000000	n/a	65836	209
66.4700000000	n/a	66470	998
66.8520000000	n/a	66852	208
67.4360000000	n/a	67436	142
67.6360000000	n/a	67636	300
68.2140000000	n/a	68214	998
68.6520000000	n/a	68652	208
69.2190000000	n/a	69219	142
69.4190000000	n/a	69419	300
70.0380000000	n/a	70038	998
70.4360000000	n/a	70436	208
71.0020000000	n/a	71002	210
71.2020000000	n/a	71202	255
71.8140000000	n/a	71814	998
72.2190000000	n/a	72219	208
72.7860000000	n/a	72786	210
72.9860000000	n/a	72986	191
73.5500000000	n/a	73550	998
74.0020000000	n/a	74002	208
74.5690000000	n/a	74569	186
74.7690000000	n/a	74769	251
75.3660000000	n/a	75366	998
75.7860000000	n/a	75786	208
76.3520000000	n/a	76352	146
76.5520000000	n/a	76552	151
77.2380000000	n/a	77238	998
77.5690000000	n/a	77569	208
78.1360000000	n/a	78136	146
78.3360000000	n/a	78336	215
78.8940000000	n/a	78894	998
79.3520000000	n/a	79352	208
79.9190000000	n/a	79919	236
80.1190000000	n/a	80119	175
80.6940000000	n/a	80694	998
81.1360000000	n/a	81136	208
81.7190000000	n/a	81719	206
81.9190000000	n/a	81919	184
82.5740000000	n/a	82574	999
82.9360000000	n/a	82936	208
83.5020000000	n/a	83502	186
83.7020000000	n/a	83702	135
84.5500000000	n/a	84550	998
84.7190000000	n/a	84719	208
85.2850000000	n/a	85285	206
85.4850000000	n/a	85485	184
86.1500000000	n/a	86150	998
86.5020000000	n/a	86502	208
87.0850000000	n/a	87085	206
87.2850000000	n/a	87285	132
88.0060000000	n/a	88006	998
88.3020000000	n/a	88302	208
88.8690000000	n/a	88869	236
89.0690000000	n/a	89069	175
89.7260000000	n/a	89726	998
90.0850000000	n/a	90085	208
90.6690000000	n/a	90669	206
90.8690000000	n/a	90869	216
91.4380000000	n/a	91438	998
91.8850000000	n/a	91885	208
92.4520000000	n/a	92452	186
92.6520000000	n/a	92652	135
93.3420000000	n/a	93342	998
93.6690000000	n/a	93669	208
94.2350000000	n/a	94235	186
94.4350000000	n/a	94435	199
95.1580000000	n/a	95158	998
95.4520000000	n/a	95452	208
96.0350000000	n/a	96035	210
96.2350000000	n/a	96235	209
96.9510000000	n/a	96951	998
97.2530000000	n/a	97253	208
97.8200000000	n/a	97820	186
98.0200000000	n/a	98020	199
98.6390000000	n/a	98639	998
99.0360000000	n/a	99036	208
99.6200000000	n/a	99620	142
99.8200000000	n/a	99820	176
100.3030000000	n/a	100303	998
100.8360000000	n/a	100836	208
101.4200000000	n/a	101420	146
101.6200000000	n/a	101620	231
102.1670000000	n/a	102167	998
102.6360000000	n/a	102636	208
103.2190000000	n/a	103219	236
103.4190000000	n/a	103419	239
104.0710000000	n/a	104071	998
104.4360000000	n/a	104436	208
105.0030000000	n/a	105003	210
105.2030000000	n/a	105203	223
105.7830000000	n/a	105783	998
106.2190000000	n/a	106219	208
106.8030000000	n/a	106803	142
107.0030000000	n/a	107003	176
107.6150000000	n/a	107615	998
108.0190000000	n/a	108019	208
108.6030000000	n/a	108603	206
108.8030000000	n/a	108803	132
109.4630000000	n/a	109463	998
109.8190000000	n/a	109819	208
110.4030000000	n/a	110403	236
110.6030000000	n/a	110603	159
111.1830000000	n/a	111183	998
111.6190000000	n/a	111619	208
112.2030000000	n/a	112203	236
112.4030000000	n/a	112403	207
112.9980000000	n/a	112998	998
113.4190000000	n/a	113419	208
114.0030000000	n/a	114003	186
114.2030000000	n/a	114203	251
114.7500000000	n/a	114750	998
115.2190000000	n/a	115219	208
115.8030000000	n/a	115803	142
116.0030000000	n/a	116003	144
116.5580000000	n/a	116558	999
117.0190000000	n/a	117019	208
117.5860000000	n/a	117586	142
117.7860000000	n/a	117786	300
118.7500000000	n/a	118750	998
118.8030000000	n/a	118803	208
119.3860000000	n/a	119386	206
119.5860000000	n/a	119586	248
120.1660000000	n/a	120166	998
120.6030000000	n/a	120603	208
121.1690000000	n/a	121169	210
121.3690000000	n/a	121369	209
122.0460000000	n/a	122046	998
122.3860000000	n/a	122386	208
122.9690000000	n/a	122969	236
123.1690000000	n/a	123169	207
123.8060000000	n/a	123806	998
124.1860000000	n/a	124186	208
124.7690000000	n/a	124769	210
124.9690000000	n/a	124969	209
125.5260000000	n/a	125526	998
125.9860000000	n/a	125986	208
126.5520000000	n/a	126552	236
126.7520000000	n/a	126752	159
127.3740000000	n/a	127374	998
127.7690000000	n/a	127769	208
128.3360000000	n/a	128336	146
128.5360000000	n/a	128536	215
129.4860000000	n/a	129486	998
129.5520000000	n/a	129552	208
130.1190000000	n/a	130119	186
130.3190000000	n/a	130319	251
130.9660000000	n/a	130966	998
131.3360000000	n/a	131336	208
131.9020000000	n/a	131902	206
132.1020000000	n/a	132102	184
132.9660000000	n/a	132966	998
133.1190000000	n/a	133119	208
133.6860000000	n/a	133686	186
133.8860000000	n/a	133886	251
134.3420000000	n/a	134342	998
134.9030000000	n/a	134903	208
135.4700000000	n/a	135470	210
135.6700000000	n/a	135670	191
136.2070000000	n/a	136207	998
136.6870000000	n/a	136687	208
137.2530000000	n/a	137253	206
137.4530000000	n/a	137453	184
137.9030000000	n/a	137903	998
138.4700000000	n/a	138470	208
139.0530000000	n/a	139053	210
139.2530000000	n/a	139253	209
139.7510000000	n/a	139751	998
140.2700000000	n/a	140270	208
140.8370000000	n/a	140837	146
141.0370000000	n/a	141037	231
141.7350000000	n/a	141735	998
142.0530000000	n/a	142053	208
142.6360000000	n/a	142636	236
142.8360000000	n/a	142836	207
143.4070000000	n/a	143407	998
143.8530000000	n/a	143853	208
144.4200000000	n/a	144420	142
144.6200000000	n/a	144620	145
145.1750000000	n/a	145175	998
145.6360000000	n/a	145636	208
146.2200000000	n/a	146220	186
146.4200000000	n/a	146420	167
147.0550000000	n/a	147055	998
147.4360000000	n/a	147436	208
148.0030000000	n/a	148003	236
148.2030000000	n/a	148203	175
148.9110000000	n/a	148911	998
149.2200000000	n/a	149220	208
149.7860000000	n/a	149786	146
149.9860000000	n/a	149986	183
150.7430000000	n/a	150743	998
151.0030000000	n/a	151003	208
151.5700000000	n/a	151570	236
151.7700000000	n/a	151770	207
152.4230000000	n/a	152423	998
152.7860000000	n/a	152786	208
153.3700000000	n/a	153370	146
153.5700000000	n/a	153570	151
154.1910000000	n/a	154191	998
154.5860000000	n/a	154586	208
155.1700000000	n/a	155170	236
155.3700000000	n/a	155370	239
155.9830000000	n/a	155983	998
156.3860000000	n/a	156386	208
156.9700000000	n/a	156970	206
157.1700000000	n/a	157170	132
157.8310000000	n/a	157831	998
158.1860000000	n/a	158186	208
158.7700000000	n/a	158770	186
158.9700000000	n/a	158970	135
159.5830000000	n/a	159583	998
159.9860000000	n/a	159986	208
160.5530000000	n/a	160553	210
160.7530000000	n/a	160753	209
161.4870000000	n/a	161487	998
161.7690000000	n/a	161769	208
162.3530000000	n/a	162353	236
162.5530000000	n/a	162553	207
163.1350000000	n/a	163135	998
163.5690000000	n/a	163569	208
164.1530000000	n/a	164153	206
164.3530000000	n/a	164353	248
165.0230000000	n/a	165023	998
165.3690000000	n/a	165369	208
165.9530000000	n/a	165953	142
166.1530000000	n/a	166153	300
166.8870000000	n/a	166887	998
167.1690000000	n/a	167169	208
167.7360000000	n/a	167736	236
167.9360000000	n/a	167936	159
168.9530000000	n/a	168953	999
169.0470000000	n/a	169047	224
169.5360000000	n/a	169536	146
169.7360000000	n/a	169736	151
170.6940000000	n/a	170694	998
170.7530000000	n/a	170753	208
171.3190000000	n/a	171319	146
171.5190000000	n/a	171519	215
172.1020000000	n/a	172102	998
172.5360000000	n/a	172536	208
173.1040000000	n/a	173104	146
173.3040000000	n/a	173304	231
173.8710000000	n/a	173871	999
174.3200000000	n/a	174320	208
174.9040000000	n/a	174904	146
175.1040000000	n/a	175104	231
175.6550000000	n/a	175655	998
176.1200000000	n/a	176120	208
176.7040000000	n/a	176704	142
176.9040000000	n/a	176904	300
177.4710000000	n/a	177471	998
177.9200000000	n/a	177920	208
178.4870000000	n/a	178487	146
178.6870000000	n/a	178687	215
179.3430000000	n/a	179343	998
179.7030000000	n/a	179703	208
180.2700000000	n/a	180270	210
180.4700000000	n/a	180470	191
181.1270000000	n/a	181127	998
181.4870000000	n/a	181487	208
182.0530000000	n/a	182053	210
182.2530000000	n/a	182253	191
183.0630000000	n/a	183063	998
183.2700000000	n/a	183270	208
183.8530000000	n/a	183853	210
184.0530000000	n/a	184053	191
184.6790000000	n/a	184679	998
185.0700000000	n/a	185070	208
185.6530000000	n/a	185653	236
185.8530000000	n/a	185853	159
186.5350000000	n/a	186535	998
186.8700000000	n/a	186870	208
187.4370000000	n/a	187437	186
187.6370000000	n/a	187637	167
188.2950000000	n/a	188295	998
188.6530000000	n/a	188653	208
189.2200000000	n/a	189220	236
189.4200000000	n/a	189420	239
190.0470000000	n/a	190047	998
190.4370000000	n/a	190437	208
191.0200000000	n/a	191020	142
191.2200000000	n/a	191220	145
191.9670000000	n/a	191967	998
192.2370000000	n/a	192237	208
192.8200000000	n/a	192820	210
193.0200000000	n/a	193020	223
193.6390000000	n/a	193639	998
194.0370000000	n/a	194037	208
194.6200000000	n/a	194620	210
194.8200000000	n/a	194820	223
195.4230000000	n/a	195423	998
195.8370000000	n/a	195837	208
196.4200000000	n/a	196420	206
196.6200000000	n/a	196620	216
197.1270000000	n/a	197127	998
197.6370000000	n/a	197637	208
198.2200000000	n/a	198220	142
198.4200000000	n/a	198420	300
199.1270000000	n/a	199127	998
199.4360000000	n/a	199436	208
200.0200000000	n/a	200020	206
200.2200000000	n/a	200220	184
200.7750000000	n/a	200775	998
201.2360000000	n/a	201236	208
201.8030000000	n/a	201803	206
202.0030000000	n/a	202003	248
202.5030000000	n/a	202503	998
203.0200000000	n/a	203020	208
203.6030000000	n/a	203603	146
203.8030000000	n/a	203803	183
204.3350000000	n/a	204335	998
204.8200000000	n/a	204820	208
205.4030000000	n/a	205403	206
205.6030000000	n/a	205603	248
206.2070000000	n/a	206207	998
206.6200000000	n/a	206620	208
207.1860000000	n/a	207186	146
207.3860000000	n/a	207386	151
208.0230000000	n/a	208023	998
208.4030000000	n/a	208403	208
208.9860000000	n/a	208986	142
209.1860000000	n/a	209186	300
209.9670000000	n/a	209967	998
210.2030000000	n/a	210203	208
210.7860000000	n/a	210786	210
210.9870000000	n/a	210987	255
211.6640000000	n/a	211664	998
212.0040000000	n/a	212004	208
212.5870000000	n/a	212587	206
212.7870000000	n/a	212787	216
213.4320000000	n/a	213432	998
213.8040000000	n/a	213804	208
214.3710000000	n/a	214371	236
214.5710000000	n/a	214571	239
215.3360000000	n/a	215336	998
215.5870000000	n/a	215587	208
216.1710000000	n/a	216171	236
216.3710000000	n/a	216371	207
217.0160000000	n/a	217016	998
217.3870000000	n/a	217387	208
217.9700000000	n/a	217970	146
218.1700000000	n/a	218170	215
219.0080000000	n/a	219008	998
219.1870000000	n/a	219187	208
219.7700000000	n/a	219770	206
219.9700000000	n/a	219970	132
220.6160000000	n/a	220616	998
220.9870000000	n/a	220987	208
221.5540000000	n/a	221554	206
221.7540000000	n/a	221754	216
222.3600000000	n/a	222360	998
222.7700000000	n/a	222770	208
223.3370000000	n/a	223337	210
223.5370000000	n/a	223537	209
224.1360000000	n/a	224136	998
224.5540000000	n/a	224554	208
225.1370000000	n/a	225137	142
225.3370000000	n/a	225337	144
226.2320000000	n/a	226232	998
226.3540000000	n/a	226354	208
226.9370000000	n/a	226937	142
227.1370000000	n/a	227137	176
227.6950000000	n/a	227695	998
228.1540000000	n/a	228154	208
228.7370000000	n/a	228737	206
228.9370000000	n/a	228937	248
229.4870000000	n/a	229487	998
229.9540000000	n/a	229954	208
230.5370000000	n/a	230537	210
230.7370000000	n/a	230737	209
231.3030000000	n/a	231303	998
231.7540000000	n/a	231754	208
232.3200000000	n/a	232320	210
232.5200000000	n/a	232520	255
233.0950000000	n/a	233095	999
233.5370000000	n/a	233537	208
234.1200000000	n/a	234120	210
234.3200000000	n/a	234320	255
235.0150000000	n/a	235015	998
235.3370000000	n/a	235337	208
235.9040000000	n/a	235904	146
236.1040000000	n/a	236104	183
236.8070000000	n/a	236807	998
237.1200000000	n/a	237120	208
237.7040000000	n/a	237704	142
237.9030000000	n/a	237903	144
238.6950000000	n/a	238695	998
238.9200000000	n/a	238920	208
239.4870000000	n/a	239487	236
239.6870000000	n/a	239687	159
240.6950000000	n/a	240695	998
240.7030000000	n/a	240703	208
241.2870000000	n/a	241287	142
241.4870000000	n/a	241487	300
241.9830000000	n/a	241983	998
242.5030000000	n/a	242503	208
243.0700000000	n/a	243070	142
243.2700000000	n/a	243270	144
243.8310000000	n/a	243831	998
244.2870000000	n/a	244287	208
244.8530000000	n/a	244853	236
245.0530000000	n/a	245053	175
245.8950000000	n/a	245895	998
246.0700000000	n/a	246070	208
246.6370000000	n/a	246637	236
246.8370000000	n/a	246837	239
247.7270000000	n/a	247727	998
247.8530000000	n/a	247853	208
248.4200000000	n/a	248420	236
248.6200000000	n/a	248620	239
249.1280000000	n/a	249128	998
249.6380000000	n/a	249638	208
250.2210000000	n/a	250221	146
250.4210000000	n/a	250421	231
251.0000000000	n/a	251000	999
251.4380000000	n/a	251438	208
252.0210000000	n/a	252021	142
252.2210000000	n/a	252221	145
252.9120000000	n/a	252912	998
253.2380000000	n/a	253238	208
253.8040000000	n/a	253804	142
254.0040000000	n/a	254004	144
254.5760000000	n/a	254576	998
255.0210000000	n/a	255021	208
255.6040000000	n/a	255604	186
255.8040000000	n/a	255804	135
256.3440000000	n/a	256344	998
256.8210000000	n/a	256821	208
257.4040000000	n/a	257404	142
257.6040000000	n/a	257604	176
258.2320000000	n/a	258232	998
258.6210000000	n/a	258621	208
259.2040000000	n/a	259204	206
259.4040000000	n/a	259404	248
260.0800000000	n/a	260080	998
260.4210000000	n/a	260421	208
261.0040000000	n/a	261004	210
261.2040000000	n/a	261204	255
261.8400000000	n/a	261840	998
262.2210000000	n/a	262221	208
262.8040000000	n/a	262804	142
263.0040000000	n/a	263004	176
263.4720000000	n/a	263472	998
264.0210000000	n/a	264021	208
264.6040000000	n/a	264604	206
264.8040000000	n/a	264804	216
265.3200000000	n/a	265320	998
265.8210000000	n/a	265821	208
266.4040000000	n/a	266404	142
266.6040000000	n/a	266604	144
267.3440000000	n/a	267344	998
267.6210000000	n/a	267621	208
268.2040000000	n/a	268204	206
268.4040000000	n/a	268404	184
269.0000000000	n/a	269000	998
269.4210000000	n/a	269421	208
270.0040000000	n/a	270004	186
270.2040000000	n/a	270204	167
270.8960000000	n/a	270896	998
271.2210000000	n/a	271221	208
271.8040000000	n/a	271804	186
272.0040000000	n/a	272004	251
272.7200000000	n/a	272720	998
273.0210000000	n/a	273021	208
273.6040000000	n/a	273604	186
273.8040000000	n/a	273804	199
274.6800000000	n/a	274680	998
274.8210000000	n/a	274821	208
275.4040000000	n/a	275404	142
275.6040000000	n/a	275604	145
276.1840000000	n/a	276184	998
276.6200000000	n/a	276620	208
277.2040000000	n/a	277204	186
277.4040000000	n/a	277404	167
277.9280000000	n/a	277928	998
278.4200000000	n/a	278420	208
278.9870000000	n/a	278987	142
279.1870000000	n/a	279187	145
279.7440000000	n/a	279744	998
280.2040000000	n/a	280204	208
280.7870000000	n/a	280787	206
280.9870000000	n/a	280987	216
281.5280000000	n/a	281528	998
282.0040000000	n/a	282004	208
282.5870000000	n/a	282587	236
282.7870000000	n/a	282787	207
283.3360000000	n/a	283336	998
283.8040000000	n/a	283804	208
284.3870000000	n/a	284387	206
284.5870000000	n/a	284587	184
285.2630000000	n/a	285263	998
285.6040000000	n/a	285604	208
286.1870000000	n/a	286187	146
286.3870000000	n/a	286387	231
286.8070000000	n/a	286807	998
287.4050000000	n/a	287405	208
287.9880000000	n/a	287988	146
288.1880000000	n/a	288188	183
288.7920000000	n/a	288792	998
289.2050000000	n/a	289205	208
289.7880000000	n/a	289788	186
289.9880000000	n/a	289988	199
290.5680000000	n/a	290568	998
291.0050000000	n/a	291005	208
291.5880000000	n/a	291588	210
291.7880000000	n/a	291788	191
292.4720000000	n/a	292472	998
292.8050000000	n/a	292805	208
293.3880000000	n/a	293388	236
293.5880000000	n/a	293588	159
294.0960000000	n/a	294096	998
294.6040000000	n/a	294604	208
295.1880000000	n/a	295188	186
295.3880000000	n/a	295388	167
295.9280000000	n/a	295928	998
296.4040000000	n/a	296404	208
296.9710000000	n/a	296971	146
297.1710000000	n/a	297171	215
297.8160000000	n/a	297816	998
298.1880000000	n/a	298188	208
298.7710000000	n/a	298771	186
298.9710000000	n/a	298971	167
299.5360000000	n/a	299536	998
299.9880000000	n/a	299988	208
300.5710000000	n/a	300571	236
300.7710000000	n/a	300771	239
301.4720000000	n/a	301472	998
301.7880000000	n/a	301788	208
302.3710000000	n/a	302371	236
302.5710000000	n/a	302571	207
303.1200000000	n/a	303120	998
303.5880000000	n/a	303588	208
304.1710000000	n/a	304171	206
304.3710000000	n/a	304371	132
304.8960000000	n/a	304896	998
305.3880000000	n/a	305388	208
305.9710000000	n/a	305971	146
306.1710000000	n/a	306171	215
306.9040000000	n/a	306904	998
307.1880000000	n/a	307188	208
307.7710000000	n/a	307771	206
307.9710000000	n/a	307971	248
308.5520000000	n/a	308552	998
308.9880000000	n/a	308988	208
309.5540000000	n/a	309554	210
309.7540000000	n/a	309754	223
310.6000000000	n/a	310600	998
310.7710000000	n/a	310771	208
311.3540000000	n/a	311354	210
311.5540000000	n/a	311554	209
312.2080000000	n/a	312208	998
312.5710000000	n/a	312571	208
313.1540000000	n/a	313154	206
313.3540000000	n/a	313354	248
314.1840000000	n/a	314184	998
314.3710000000	n/a	314371	208
314.9540000000	n/a	314954	236
315.1540000000	n/a	315154	159
315.5760000000	n/a	315576	998
316.1710000000	n/a	316171	208
316.7540000000	n/a	316754	236
316.9540000000	n/a	316954	175
317.5360000000	n/a	317536	998
317.9710000000	n/a	317971	208
318.5540000000	n/a	318554	186
318.7540000000	n/a	318754	199
319.3360000000	n/a	319336	998
319.7710000000	n/a	319771	208
320.3370000000	n/a	320337	210
320.5370000000	n/a	320537	255
321.1600000000	n/a	321160	998
321.5540000000	n/a	321554	208
322.1370000000	n/a	322137	206
322.3370000000	n/a	322337	184
322.9600000000	n/a	322960	998
323.3540000000	n/a	323354	208
323.9210000000	n/a	323921	146
324.1210000000	n/a	324121	215
324.7520000000	n/a	324752	998
325.1380000000	n/a	325138	208
325.7220000000	n/a	325722	210
325.9220000000	n/a	325922	223
326.6890000000	n/a	326689	998
326.9380000000	n/a	326938	208
327.5050000000	n/a	327505	236
327.7050000000	n/a	327705	207
328.3850000000	n/a	328385	998
328.7220000000	n/a	328722	208
329.3050000000	n/a	329305	186
329.5050000000	n/a	329505	135
330.1370000000	n/a	330137	999
330.5220000000	n/a	330522	208
331.1050000000	n/a	331105	236
331.3050000000	n/a	331305	239
332.2970000000	n/a	332297	998
332.3220000000	n/a	332322	208
332.9050000000	n/a	332905	236
333.1050000000	n/a	333105	159
333.6810000000	n/a	333681	998
334.1210000000	n/a	334121	208
334.7050000000	n/a	334705	142
334.9050000000	n/a	334905	144
335.4810000000	n/a	335481	998
335.9210000000	n/a	335921	208
336.5050000000	n/a	336505	142
336.7050000000	n/a	336705	145
337.1290000000	n/a	337129	998
337.7210000000	n/a	337721	208
338.3050000000	n/a	338305	186
338.5050000000	n/a	338505	167
339.0010000000	n/a	339001	998
339.5210000000	n/a	339521	208
340.0880000000	n/a	340088	236
340.2880000000	n/a	340288	207
340.8330000000	n/a	340833	998
341.3050000000	n/a	341305	208
341.8880000000	n/a	341888	210
342.0880000000	n/a	342088	223
342.6250000000	n/a	342625	998
343.1050000000	n/a	343105	208
343.6880000000	n/a	343688	236
343.8880000000	n/a	343888	207
344.4240000000	n/a	344424	998
344.9050000000	n/a	344905	208
345.4880000000	n/a	345488	206
345.6880000000	n/a	345688	132
346.2320000000	n/a	346232	998
346.7050000000	n/a	346705	208
347.2880000000	n/a	347288	186
347.4880000000	n/a	347488	251
348.2960000000	n/a	348296	998
348.5050000000	n/a	348505	208
349.0880000000	n/a	349088	142
349.2880000000	n/a	349288	144
349.8000000000	n/a	349800	999
350.3050000000	n/a	350305	208
350.8880000000	n/a	350888	236
351.0880000000	n/a	351088	239
351.7280000000	n/a	351728	998
352.1040000000	n/a	352104	208
352.6880000000	n/a	352688	206
352.8880000000	n/a	352888	216
353.5920000000	n/a	353592	998
353.9040000000	n/a	353904	208
354.4880000000	n/a	354488	210
354.6880000000	n/a	354688	255
355.4240000000	n/a	355424	998
355.7040000000	n/a	355704	208
356.2880000000	n/a	356288	210
356.4880000000	n/a	356488	255
357.2640000000	n/a	357264	998
357.5040000000	n/a	357504	208
358.0880000000	n/a	358088	186
358.2880000000	n/a	358288	199
358.7760000000	n/a	358776	998
359.3040000000	n/a	359304	208
359.8880000000	n/a	359888	146
360.0880000000	n/a	360088	183
360.6000000000	n/a	360600	998
361.1040000000	n/a	361104	208
361.6880000000	n/a	361688	236
361.8880000000	n/a	361888	159
362.4880000000	n/a	362488	998
362.9050000000	n/a	362905	208
363.4890000000	n/a	363489	236
363.6890000000	n/a	363689	175
364.6490000000	n/a	364649	998
364.7050000000	n/a	364705	208
365.2890000000	n/a	365289	142
365.4890000000	n/a	365489	145
366.0890000000	n/a	366089	998
366.5050000000	n/a	366505	208
367.0720000000	n/a	367072	142
367.2720000000	n/a	367272	176
367.9210000000	n/a	367921	998
368.2890000000	n/a	368289	208
368.8720000000	n/a	368872	210
369.0720000000	n/a	369072	223
369.7610000000	n/a	369761	998
370.0890000000	n/a	370089	208
370.6720000000	n/a	370672	186
370.8720000000	n/a	370872	167
371.4970000000	n/a	371497	998
371.8880000000	n/a	371888	208
372.4720000000	n/a	372472	146
372.6720000000	n/a	372672	215
373.6880000000	n/a	373688	999
373.8330000000	n/a	373833	224
374.2720000000	n/a	374272	142
374.4720000000	n/a	374472	145
375.0810000000	n/a	375081	998
375.4880000000	n/a	375488	208
376.0720000000	n/a	376072	146
376.2720000000	n/a	376272	183
376.6970000000	n/a	376697	998
377.2880000000	n/a	377288	208
377.8720000000	n/a	377872	236
378.0720000000	n/a	378072	207
378.6170000000	n/a	378617	998
379.0880000000	n/a	379088	208
379.6720000000	n/a	379672	142
379.8720000000	n/a	379872	300
380.5210000000	n/a	380521	999
380.8880000000	n/a	380888	208
381.4720000000	n/a	381472	142
381.6720000000	n/a	381672	144
382.5210000000	n/a	382521	998
382.6880000000	n/a	382688	208
383.2720000000	n/a	383272	236
383.4720000000	n/a	383472	159
383.9850000000	n/a	383985	998
384.4880000000	n/a	384488	208
385.0720000000	n/a	385072	146
385.2720000000	n/a	385272	183
385.8570000000	n/a	385857	998
386.2880000000	n/a	386288	208
386.8720000000	n/a	386872	210
387.0720000000	n/a	387072	209
387.5290000000	n/a	387529	998
388.0880000000	n/a	388088	208
388.6720000000	n/a	388672	236
388.8720000000	n/a	388872	207
389.4410000000	n/a	389441	998
389.8880000000	n/a	389888	208
390.4550000000	n/a	390455	186
390.6550000000	n/a	390655	135
391.4570000000	n/a	391457	998
391.6710000000	n/a	391671	208
392.2550000000	n/a	392255	146
392.4550000000	n/a	392455	215
393.0490000000	n/a	393049	998
393.4710000000	n/a	393471	208
394.0550000000	n/a	394055	206
394.2550000000	n/a	394255	132
394.8730000000	n/a	394873	998
395.2710000000	n/a	395271	208
395.8550000000	n/a	395855	210
396.0550000000	n/a	396055	209
396.4650000000	n/a	396465	998
397.0710000000	n/a	397071	208
397.6550000000	n/a	397655	206
397.8550000000	n/a	397855	248
398.3850000000	n/a	398385	999
398.8710000000	n/a	398871	208
399.4550000000	n/a	399455	142
399.6550000000	n/a	399655	176
400.1120000000	n/a	400112	998
400.6710000000	n/a	400671	208
401.2560000000	n/a	401256	146
401.4560000000	n/a	401456	215
401.9130000000	n/a	401913	998
402.4720000000	n/a	402472	208
403.0560000000	n/a	403056	206
403.2560000000	n/a	403256	248
403.7130000000	n/a	403713	998
404.2720000000	n/a	404272	208
404.8560000000	n/a	404856	210
405.0560000000	n/a	405056	209
405.5450000000	n/a	405545	998
406.0720000000	n/a	406072	208
406.6560000000	n/a	406656	186
406.8560000000	n/a	406856	251
407.4090000000	n/a	407409	998
407.8720000000	n/a	407872	208
408.4560000000	n/a	408456	236
408.6560000000	n/a	408656	239
409.3930000000	n/a	409393	998
409.6720000000	n/a	409672	208
410.2550000000	n/a	410255	236
410.4550000000	n/a	410455	159
411.0890000000	n/a	411089	998
411.4720000000	n/a	411472	208
412.0550000000	n/a	412055	236
412.2550000000	n/a	412255	159
412.8010000000	n/a	412801	998
413.2720000000	n/a	413272	208
413.8550000000	n/a	413855	146
414.0550000000	n/a	414055	151
414.6970000000	n/a	414697	998
415.0720000000	n/a	415072	208
415.6550000000	n/a	415655	142
415.8550000000	n/a	415855	300
416.4730000000	n/a	416473	998
416.8720000000	n/a	416872	208
417.4550000000	n/a	417455	236
417.6550000000	n/a	417655	207
418.3370000000	n/a	418337	998
418.6720000000	n/a	418672	208
419.2390000000	n/a	419239	210
419.4390000000	n/a	419439	191
420.0170000000	n/a	420017	999
420.4550000000	n/a	420455	208
421.0390000000	n/a	421039	210
421.2390000000	n/a	421239	223
421.9130000000	n/a	421913	998
422.2550000000	n/a	422255	208
422.8390000000	n/a	422839	142
423.0390000000	n/a	423039	300
423.7210000000	n/a	423721	998
424.0550000000	n/a	424055	208
424.6390000000	n/a	424639	236
424.8390000000	n/a	424839	159
425.4730000000	n/a	425473	999
425.8550000000	n/a	425855	208
426.4390000000	n/a	426439	210
426.6390000000	n/a	426639	255
427.4170000000	n/a	427417	998
427.6550000000	n/a	427655	208
428.2220000000	n/a	428222	210
428.4220000000	n/a	428422	223
429.0570000000	n/a	429057	998
429.4380000000	n/a	429438	208
430.0220000000	n/a	430022	210
430.2220000000	n/a	430222	255
430.7850000000	n/a	430785	999
431.2380000000	n/a	431238	208
431.7720000000	n/a	431772	200
504.6230000000	n/a	504623	200
509.7060000000	n/a	509706	210
509.9060000000	n/a	509906	255
510.9220000000	n/a	510922	999
511.0740000000	n/a	511074	224
511.5060000000	n/a	511506	142
511.7060000000	n/a	511706	176
512.4500000000	n/a	512450	998
512.7220000000	n/a	512722	208
513.3060000000	n/a	513306	206
513.5060000000	n/a	513506	216
514.2180000000	n/a	514218	998
514.5220000000	n/a	514522	208
515.1070000000	n/a	515107	206
515.3070000000	n/a	515307	216
515.9940000000	n/a	515994	998
516.3230000000	n/a	516323	208
516.8900000000	n/a	516890	142
517.0900000000	n/a	517090	176
517.7390000000	n/a	517739	998
518.1070000000	n/a	518107	208
518.6900000000	n/a	518690	186
518.8900000000	n/a	518890	135
519.6420000000	n/a	519642	998
519.9070000000	n/a	519907	208
520.4730000000	n/a	520473	142
520.6730000000	n/a	520673	144
521.4260000000	n/a	521426	998
521.6900000000	n/a	521690	208
522.2730000000	n/a	522273	236
522.4730000000	n/a	522473	159
523.2260000000	n/a	523226	998
523.4900000000	n/a	523490	208
524.0730000000	n/a	524073	236
524.2730000000	n/a	524273	239
525.1620000000	n/a	525162	998
525.2900000000	n/a	525290	208
525.8730000000	n/a	525873	142
526.0730000000	n/a	526073	300
526.8660000000	n/a	526866	998
527.0900000000	n/a	527090	208
527.6730000000	n/a	527673	186
527.8730000000	n/a	527873	167
528.7060000000	n/a	528706	998
528.8900000000	n/a	528890	208
529.4730000000	n/a	529473	146
529.6730000000	n/a	529673	231
530.3300000000	n/a	530330	998
530.6900000000	n/a	530690	208
531.2730000000	n/a	531273	146
531.4730000000	n/a	531473	215
532.1060000000	n/a	532106	998
532.4900000000	n/a	532490	208
533.0730000000	n/a	533073	210
533.2730000000	n/a	533273	191
533.9540000000	n/a	533954	998
534.2900000000	n/a	534290	208
534.8560000000	n/a	534856	210
535.0560000000	n/a	535056	255
535.7860000000	n/a	535786	998
536.0730000000	n/a	536073	208
536.6560000000	n/a	536656	142
536.8560000000	n/a	536856	176
537.5700000000	n/a	537570	998
537.8730000000	n/a	537873	208
538.4400000000	n/a	538440	206
538.6400000000	n/a	538640	184
539.3620000000	n/a	539362	998
539.6560000000	n/a	539656	208
540.2230000000	n/a	540223	236
540.4230000000	n/a	540423	159
541.1940000000	n/a	541194	998
541.4400000000	n/a	541440	208
542.0230000000	n/a	542023	206
542.2230000000	n/a	542223	184
542.9700000000	n/a	542970	998
543.2400000000	n/a	543240	208
543.8230000000	n/a	543823	146
544.0230000000	n/a	544023	151
544.6980000000	n/a	544698	998
545.0390000000	n/a	545039	208
545.6230000000	n/a	545623	236
545.8230000000	n/a	545823	159
546.5060000000	n/a	546506	998
546.8390000000	n/a	546839	208
547.4060000000	n/a	547406	236
547.6060000000	n/a	547606	207
548.3860000000	n/a	548386	998
548.6230000000	n/a	548623	208
549.2060000000	n/a	549206	186
549.4060000000	n/a	549406	251
550.1780000000	n/a	550178	998
550.4230000000	n/a	550423	208
551.0060000000	n/a	551006	146
551.2060000000	n/a	551206	183
551.9780000000	n/a	551978	998
552.2230000000	n/a	552223	208
552.7890000000	n/a	552789	210
552.9900000000	n/a	552990	255
553.9070000000	n/a	553907	998
554.0070000000	n/a	554007	208
554.5740000000	n/a	554574	236
554.7740000000	n/a	554774	175
555.7630000000	n/a	555763	998
555.7900000000	n/a	555790	208
556.3740000000	n/a	556374	186
556.5740000000	n/a	556574	167
557.4270000000	n/a	557427	998
557.5900000000	n/a	557590	208
558.1740000000	n/a	558174	206
558.3740000000	n/a	558374	132
559.0270000000	n/a	559027	998
559.3900000000	n/a	559390	208
559.9740000000	n/a	559974	146
560.1740000000	n/a	560174	183
560.8110000000	n/a	560811	998
561.1900000000	n/a	561190	208
561.7570000000	n/a	561757	146
561.9570000000	n/a	561957	215
562.5710000000	n/a	562571	998
562.9730000000	n/a	562973	208
563.5570000000	n/a	563557	206
563.7570000000	n/a	563757	184
564.3950000000	n/a	564395	998
564.7730000000	n/a	564773	208
565.3400000000	n/a	565340	142
565.5400000000	n/a	565540	145
566.1390000000	n/a	566139	998
566.5570000000	n/a	566557	208
567.1230000000	n/a	567123	206
567.3230000000	n/a	567323	248
568.0670000000	n/a	568067	998
568.3400000000	n/a	568340	208
568.9230000000	n/a	568923	236
569.1230000000	n/a	569123	175
569.7630000000	n/a	569763	998
570.1400000000	n/a	570140	208
570.7230000000	n/a	570723	210
570.9230000000	n/a	570923	255
571.4990000000	n/a	571499	998
571.9400000000	n/a	571940	208
572.5070000000	n/a	572507	146
572.7070000000	n/a	572707	215
573.3470000000	n/a	573347	998
573.7230000000	n/a	573723	208
574.3070000000	n/a	574307	210
574.5070000000	n/a	574507	209
575.1460000000	n/a	575146	998
575.5230000000	n/a	575523	208
576.1070000000	n/a	576107	206
576.3070000000	n/a	576307	248
576.7860000000	n/a	576786	998
577.3230000000	n/a	577323	208
577.9070000000	n/a	577907	236
578.1070000000	n/a	578107	159
578.7140000000	n/a	578714	998
579.1230000000	n/a	579123	208
579.7070000000	n/a	579707	142
579.9070000000	n/a	579907	144
580.5940000000	n/a	580594	998
580.9230000000	n/a	580923	208
581.5070000000	n/a	581507	206
581.7070000000	n/a	581707	216
582.4100000000	n/a	582410	998
582.7230000000	n/a	582723	208
583.3060000000	n/a	583306	186
583.5060000000	n/a	583506	251
584.1540000000	n/a	584154	998
584.5230000000	n/a	584523	208
585.0900000000	n/a	585090	142
585.2900000000	n/a	585290	176
585.8660000000	n/a	585866	998
586.3060000000	n/a	586306	208
586.8900000000	n/a	586890	206
587.0900000000	n/a	587090	248
587.6980000000	n/a	587698	998
588.1060000000	n/a	588106	208
588.6900000000	n/a	588690	236
588.8900000000	n/a	588890	239
589.4580000000	n/a	589458	998
589.9060000000	n/a	589906	208
590.4900000000	n/a	590490	236
590.6900000000	n/a	590690	175
591.3630000000	n/a	591363	998
591.7070000000	n/a	591707	208
592.2910000000	n/a	592291	210
592.4910000000	n/a	592491	223
593.1550000000	n/a	593155	998
593.5070000000	n/a	593507	208
594.0910000000	n/a	594091	146
594.2910000000	n/a	594291	231
594.8830000000	n/a	594883	998
595.3070000000	n/a	595307	208
595.8910000000	n/a	595891	210
596.0910000000	n/a	596091	255
596.6270000000	n/a	596627	998
597.1070000000	n/a	597107	208
597.6910000000	n/a	597691	210
597.8910000000	n/a	597891	209
598.4350000000	n/a	598435	998
598.9070000000	n/a	598907	208
599.4910000000	n/a	599491	236
599.6910000000	n/a	599691	239
600.2270000000	n/a	600227	998
600.7070000000	n/a	600707	208
601.2900000000	n/a	601290	146
601.4900000000	n/a	601490	183
601.9870000000	n/a	601987	998
602.5070000000	n/a	602507	208
603.0900000000	n/a	603090	186
603.2900000000	n/a	603290	167
603.7550000000	n/a	603755	998
604.3070000000	n/a	604307	208
604.8900000000	n/a	604890	142
605.0900000000	n/a	605090	176
605.5230000000	n/a	605523	998
606.1070000000	n/a	606107	208
606.6740000000	n/a	606674	206
606.8740000000	n/a	606874	132
607.4110000000	n/a	607411	998
607.8900000000	n/a	607890	208
608.4740000000	n/a	608474	142
608.6740000000	n/a	608674	176
609.1950000000	n/a	609195	998
609.6900000000	n/a	609690	208
610.2740000000	n/a	610274	210
610.4740000000	n/a	610474	209
610.9230000000	n/a	610923	998
611.4900000000	n/a	611490	208
612.0740000000	n/a	612074	142
612.2740000000	n/a	612274	145
612.7950000000	n/a	612795	998
613.2900000000	n/a	613290	208
613.8740000000	n/a	613874	206
614.0740000000	n/a	614074	216
614.5310000000	n/a	614531	998
615.0900000000	n/a	615090	208
615.6570000000	n/a	615657	236
615.8570000000	n/a	615857	239
616.3790000000	n/a	616379	998
616.8740000000	n/a	616874	208
617.4570000000	n/a	617457	206
617.6570000000	n/a	617657	248
618.3470000000	n/a	618347	998
618.6740000000	n/a	618674	208
619.2570000000	n/a	619257	210
619.4570000000	n/a	619457	209
620.0350000000	n/a	620035	998
620.4730000000	n/a	620473	208
621.0570000000	n/a	621057	210
621.2570000000	n/a	621257	209
621.8670000000	n/a	621867	998
622.2730000000	n/a	622273	208
622.8400000000	n/a	622840	210
623.0400000000	n/a	623040	191
623.7870000000	n/a	623787	999
624.0570000000	n/a	624057	208
624.6400000000	n/a	624640	206
624.8400000000	n/a	624840	248
625.8570000000	n/a	625857	999
626.0590000000	n/a	626059	224
626.4400000000	n/a	626440	146
626.6400000000	n/a	626640	151
627.3310000000	n/a	627331	998
627.6570000000	n/a	627657	208
628.2400000000	n/a	628240	186
628.4400000000	n/a	628440	199
629.0120000000	n/a	629012	998
629.4580000000	n/a	629458	208
630.0240000000	n/a	630024	186
630.2240000000	n/a	630224	251
630.9950000000	n/a	630995	998
631.2410000000	n/a	631241	208
631.8240000000	n/a	631824	186
632.0240000000	n/a	632024	167
632.7630000000	n/a	632763	998
633.0410000000	n/a	633041	208
633.6240000000	n/a	633624	142
633.8240000000	n/a	633824	144
634.5070000000	n/a	634507	998
634.8410000000	n/a	634841	208
635.4240000000	n/a	635424	210
635.6240000000	n/a	635624	191
636.3630000000	n/a	636363	998
636.6410000000	n/a	636641	208
637.2240000000	n/a	637224	206
637.4240000000	n/a	637424	216
638.0270000000	n/a	638027	998
638.4410000000	n/a	638441	208
639.0240000000	n/a	639024	210
639.2240000000	n/a	639224	255
639.9710000000	n/a	639971	998
640.2410000000	n/a	640241	208
640.8240000000	n/a	640824	142
641.0240000000	n/a	641024	176
641.7150000000	n/a	641715	998
642.0410000000	n/a	642041	208
642.6070000000	n/a	642607	206
642.8070000000	n/a	642807	184
643.4190000000	n/a	643419	998
643.8240000000	n/a	643824	208
644.4070000000	n/a	644407	146
644.6070000000	n/a	644607	215
645.2990000000	n/a	645299	998
645.6240000000	n/a	645624	208
646.2070000000	n/a	646207	146
646.4070000000	n/a	646407	183
647.0270000000	n/a	647027	998
647.4240000000	n/a	647424	208
647.9910000000	n/a	647991	142
648.1910000000	n/a	648191	300
648.7550000000	n/a	648755	998
649.2070000000	n/a	649207	208
649.7910000000	n/a	649791	236
649.9910000000	n/a	649991	239
650.5630000000	n/a	650563	998
651.0070000000	n/a	651007	208
651.5910000000	n/a	651591	236
651.7910000000	n/a	651791	175
652.4590000000	n/a	652459	998
652.8070000000	n/a	652807	208
653.3740000000	n/a	653374	206
653.5740000000	n/a	653574	184
654.4350000000	n/a	654435	998
654.5910000000	n/a	654591	208
655.1740000000	n/a	655174	206
655.3740000000	n/a	655374	216
656.0030000000	n/a	656003	998
656.3910000000	n/a	656391	208
656.9740000000	n/a	656974	186
657.1740000000	n/a	657174	135
657.7150000000	n/a	657715	998
658.1910000000	n/a	658191	208
658.7740000000	n/a	658774	210
658.9740000000	n/a	658974	209
659.5950000000	n/a	659595	998
659.9900000000	n/a	659990	208
660.5570000000	n/a	660557	210
660.7570000000	n/a	660757	209
661.3230000000	n/a	661323	998
661.7740000000	n/a	661774	208
662.3570000000	n/a	662357	210
662.5570000000	n/a	662557	209
663.3230000000	n/a	663323	998
663.5740000000	n/a	663574	208
664.1570000000	n/a	664157	142
664.3570000000	n/a	664357	145
665.0350000000	n/a	665035	998
665.3740000000	n/a	665374	208
665.9570000000	n/a	665957	142
666.1570000000	n/a	666157	300
666.9640000000	n/a	666964	998
667.1750000000	n/a	667175	208
667.7410000000	n/a	667741	146
667.9410000000	n/a	667941	151
668.5800000000	n/a	668580	998
668.9580000000	n/a	668958	208
669.5410000000	n/a	669541	146
669.7410000000	n/a	669741	151
670.4200000000	n/a	670420	998
670.7580000000	n/a	670758	208
671.3410000000	n/a	671341	236
671.5410000000	n/a	671541	207
672.3080000000	n/a	672308	998
672.5580000000	n/a	672558	208
673.1410000000	n/a	673141	146
673.3410000000	n/a	673341	183
673.9000000000	n/a	673900	998
674.3580000000	n/a	674358	208
674.9410000000	n/a	674941	146
675.1410000000	n/a	675141	231
675.8040000000	n/a	675804	998
676.1580000000	n/a	676158	208
676.7410000000	n/a	676741	186
676.9410000000	n/a	676941	251
677.5560000000	n/a	677556	998
677.9580000000	n/a	677958	208
678.5240000000	n/a	678524	210
678.7410000000	n/a	678741	255
679.3720000000	n/a	679372	998
679.7580000000	n/a	679758	208
680.3240000000	n/a	680324	142
680.5240000000	n/a	680524	145
681.5400000000	n/a	681540	998
682.1080000000	n/a	682108	146
682.3080000000	n/a	682308	183
682.8920000000	n/a	682892	998
683.3240000000	n/a	683324	208
683.8910000000	n/a	683891	236
684.0910000000	n/a	684091	159
685.1070000000	n/a	685107	998
685.6740000000	n/a	685674	146
685.8740000000	n/a	685874	151
686.8910000000	n/a	686891	999
686.9710000000	n/a	686971	160
687.4580000000	n/a	687458	186
687.6580000000	n/a	687658	251
688.1310000000	n/a	688131	998
688.6740000000	n/a	688674	208
689.2410000000	n/a	689241	210
689.4410000000	n/a	689441	191
690.3150000000	n/a	690315	998
690.4580000000	n/a	690458	208
691.0240000000	n/a	691024	186
691.2240000000	n/a	691224	251
691.7710000000	n/a	691771	998
692.2410000000	n/a	692241	208
692.8080000000	n/a	692808	236
693.0080000000	n/a	693008	175
693.5390000000	n/a	693539	998
694.0240000000	n/a	694024	208
694.5910000000	n/a	694591	210
694.7910000000	n/a	694791	191
695.4350000000	n/a	695435	998
695.8080000000	n/a	695808	208
696.3740000000	n/a	696374	186
696.5740000000	n/a	696574	135
697.0510000000	n/a	697051	998
697.5910000000	n/a	697591	208
698.1570000000	n/a	698157	186
698.3570000000	n/a	698357	167
699.0190000000	n/a	699019	998
699.3740000000	n/a	699374	208
699.9410000000	n/a	699941	142
700.1410000000	n/a	700141	176
700.7230000000	n/a	700723	998
701.1570000000	n/a	701157	208
701.7240000000	n/a	701724	142
701.9240000000	n/a	701924	144
702.4190000000	n/a	702419	999
702.9410000000	n/a	702941	208
703.5070000000	n/a	703507	236
703.7070000000	n/a	703707	175
704.4670000000	n/a	704467	998
704.7240000000	n/a	704724	208
705.2920000000	n/a	705292	186
705.4920000000	n/a	705492	251
706.0280000000	n/a	706028	998
706.5080000000	n/a	706508	208
707.0750000000	n/a	707075	186
707.2750000000	n/a	707275	167
707.8760000000	n/a	707876	998
708.2920000000	n/a	708292	208
708.8580000000	n/a	708858	210
709.0580000000	n/a	709058	191
709.8280000000	n/a	709828	998
710.0750000000	n/a	710075	208
710.6420000000	n/a	710642	236
710.8420000000	n/a	710842	159
711.6120000000	n/a	711612	998
711.8580000000	n/a	711858	208
712.4250000000	n/a	712425	210
712.6250000000	n/a	712625	255
713.2120000000	n/a	713212	999
713.6420000000	n/a	713642	208
714.2080000000	n/a	714208	142
714.4080000000	n/a	714408	176
714.8600000000	n/a	714860	998
715.4250000000	n/a	715425	208
715.9910000000	n/a	715991	206
716.1910000000	n/a	716191	132
716.7480000000	n/a	716748	998
717.2080000000	n/a	717208	208
717.7750000000	n/a	717775	210
717.9750000000	n/a	717975	209
718.5320000000	n/a	718532	998
718.9910000000	n/a	718991	208
719.5580000000	n/a	719558	210
719.7580000000	n/a	719758	255
720.3000000000	n/a	720300	998
720.7750000000	n/a	720775	208
721.3410000000	n/a	721341	146
721.5410000000	n/a	721541	151
722.3720000000	n/a	722372	998
722.5580000000	n/a	722558	208
723.1250000000	n/a	723125	146
723.3250000000	n/a	723325	231
723.8280000000	n/a	723828	998
724.3410000000	n/a	724341	208
724.9080000000	n/a	724908	210
725.1080000000	n/a	725108	223
725.6280000000	n/a	725628	998
726.1250000000	n/a	726125	208
726.6910000000	n/a	726691	146
726.8910000000	n/a	726891	183
727.4200000000	n/a	727420	998
727.9080000000	n/a	727908	208
728.4750000000	n/a	728475	146
728.6750000000	n/a	728675	231
729.2840000000	n/a	729284	998
729.6910000000	n/a	729691	208
730.2580000000	n/a	730258	142
730.4580000000	n/a	730458	145
731.1560000000	n/a	731156	998
731.4750000000	n/a	731475	208
732.0410000000	n/a	732041	146
732.2410000000	n/a	732241	215
732.9640000000	n/a	732964	998
733.2580000000	n/a	733258	208
733.8250000000	n/a	733825	186
734.0250000000	n/a	734025	135
734.8440000000	n/a	734844	998
735.0410000000	n/a	735041	208
735.6080000000	n/a	735608	206
735.8080000000	n/a	735808	184
736.6280000000	n/a	736628	998
736.8240000000	n/a	736824	208
737.3910000000	n/a	737391	206
737.5910000000	n/a	737591	248
738.2840000000	n/a	738284	998
738.6080000000	n/a	738608	208
739.1740000000	n/a	739174	186
739.3740000000	n/a	739374	135
740.1560000000	n/a	740156	998
740.3910000000	n/a	740391	208
740.9580000000	n/a	740958	186
741.1580000000	n/a	741158	135
741.9320000000	n/a	741932	998
742.1740000000	n/a	742174	208
742.7410000000	n/a	742741	146
742.9420000000	n/a	742942	215
743.7160000000	n/a	743716	998
743.9590000000	n/a	743959	208
744.5250000000	n/a	744525	186
744.7250000000	n/a	744725	251
745.6840000000	n/a	745684	998
745.7420000000	n/a	745742	208
746.3090000000	n/a	746309	186
746.5090000000	n/a	746509	167
747.0680000000	n/a	747068	998
747.5250000000	n/a	747525	208
748.0920000000	n/a	748092	186
748.2920000000	n/a	748292	167
748.8200000000	n/a	748820	998
749.3090000000	n/a	749309	208
749.8750000000	n/a	749875	142
750.0750000000	n/a	750075	145
750.6360000000	n/a	750636	998
751.0920000000	n/a	751092	208
751.6590000000	n/a	751659	236
751.8590000000	n/a	751859	239
752.5720000000	n/a	752572	998
752.8750000000	n/a	752875	208
753.4420000000	n/a	753442	186
753.6420000000	n/a	753642	199
754.3960000000	n/a	754396	998
754.6580000000	n/a	754658	208
755.2250000000	n/a	755225	186
755.4250000000	n/a	755425	135
755.9800000000	n/a	755980	998
756.4420000000	n/a	756442	208
757.0080000000	n/a	757008	142
757.2080000000	n/a	757208	145
757.7720000000	n/a	757772	998
758.2250000000	n/a	758225	208
758.7920000000	n/a	758792	210
758.9920000000	n/a	758992	191
759.5320000000	n/a	759532	998
760.0080000000	n/a	760008	208
760.5750000000	n/a	760575	146
760.7750000000	n/a	760775	151
761.2760000000	n/a	761276	998
761.7920000000	n/a	761792	208
762.3580000000	n/a	762358	236
762.5580000000	n/a	762558	239
763.2360000000	n/a	763236	998
763.5750000000	n/a	763575	208
764.1420000000	n/a	764142	206
764.3420000000	n/a	764342	184
764.9720000000	n/a	764972	998
765.3580000000	n/a	765358	208
765.9250000000	n/a	765925	146
766.1250000000	n/a	766125	183
766.7320000000	n/a	766732	998
767.1420000000	n/a	767142	208
767.7080000000	n/a	767708	146
767.9080000000	n/a	767908	215
768.4920000000	n/a	768492	998
768.9250000000	n/a	768925	208
769.4920000000	n/a	769492	210
769.6920000000	n/a	769692	223
770.5560000000	n/a	770556	998
770.7080000000	n/a	770708	208
771.2750000000	n/a	771275	146
771.4750000000	n/a	771475	231
772.0040000000	n/a	772004	998
772.4920000000	n/a	772492	208
773.0580000000	n/a	773058	146
773.2580000000	n/a	773258	231
773.6840000000	n/a	773684	998
774.2750000000	n/a	774275	208
774.8410000000	n/a	774841	206
775.0410000000	n/a	775041	248
775.7080000000	n/a	775708	998
776.0580000000	n/a	776058	208
776.6250000000	n/a	776625	206
776.8250000000	n/a	776825	216
777.7720000000	n/a	777772	998
777.8410000000	n/a	777841	208
778.4080000000	n/a	778408	236
778.6080000000	n/a	778608	207
779.1160000000	n/a	779116	998
779.6250000000	n/a	779625	208
780.1910000000	n/a	780191	142
780.3910000000	n/a	780391	145
780.8610000000	n/a	780861	998
781.4090000000	n/a	781409	208
781.9760000000	n/a	781976	142
782.1760000000	n/a	782176	145
782.6530000000	n/a	782653	998
783.1920000000	n/a	783192	208
783.7590000000	n/a	783759	210
783.9590000000	n/a	783959	209
784.5330000000	n/a	784533	998
784.9760000000	n/a	784976	208
785.5420000000	n/a	785542	142
785.7420000000	n/a	785742	300
786.5010000000	n/a	786501	998
786.7590000000	n/a	786759	208
787.3260000000	n/a	787326	206
787.5260000000	n/a	787526	132
787.9810000000	n/a	787981	998
788.5420000000	n/a	788542	208
789.1090000000	n/a	789109	206
789.3090000000	n/a	789309	132
790.0930000000	n/a	790093	998
790.3260000000	n/a	790326	208
790.8920000000	n/a	790892	142
791.0920000000	n/a	791092	144
791.6610000000	n/a	791661	998
792.1090000000	n/a	792109	208
792.6750000000	n/a	792675	142
792.8750000000	n/a	792875	144
793.3010000000	n/a	793301	998
793.8920000000	n/a	793892	208
794.4590000000	n/a	794459	210
794.6590000000	n/a	794659	223
795.3090000000	n/a	795309	998
795.6750000000	n/a	795675	208
796.2420000000	n/a	796242	146
796.4420000000	n/a	796442	151
796.9810000000	n/a	796981	999
797.4590000000	n/a	797459	208
798.0250000000	n/a	798025	186
798.2250000000	n/a	798225	251
798.8370000000	n/a	798837	998
799.2420000000	n/a	799242	208
799.8090000000	n/a	799809	186
800.0090000000	n/a	800009	199
800.8120000000	n/a	800812	998
801.0250000000	n/a	801025	208
801.5920000000	n/a	801592	146
801.7920000000	n/a	801792	231
802.3000000000	n/a	802300	998
802.8090000000	n/a	802809	208
803.3750000000	n/a	803375	146
803.5750000000	n/a	803575	183
804.2280000000	n/a	804228	998
804.5920000000	n/a	804592	208
805.1590000000	n/a	805159	210
805.3590000000	n/a	805359	191
806.1160000000	n/a	806116	998
806.3750000000	n/a	806375	208
806.9420000000	n/a	806942	206
807.1420000000	n/a	807142	216
807.7160000000	n/a	807716	998
808.1590000000	n/a	808159	208
808.7250000000	n/a	808725	236
808.9250000000	n/a	808925	239
809.3640000000	n/a	809364	999
809.9420000000	n/a	809942	208
810.5090000000	n/a	810509	236
810.7090000000	n/a	810709	175
811.5960000000	n/a	811596	998
811.7250000000	n/a	811725	208
812.2920000000	n/a	812292	186
812.4920000000	n/a	812492	135
813.2920000000	n/a	813292	998
813.5080000000	n/a	813508	208
814.0750000000	n/a	814075	146
814.2750000000	n/a	814275	215
814.9240000000	n/a	814924	998
815.2920000000	n/a	815292	208
815.8580000000	n/a	815858	206
816.0580000000	n/a	816058	132
816.8520000000	n/a	816852	998
817.0750000000	n/a	817075	208
817.6420000000	n/a	817642	236
817.8420000000	n/a	817842	175
818.4760000000	n/a	818476	998
818.8590000000	n/a	818859	208
819.4260000000	n/a	819426	146
819.6260000000	n/a	819626	151
820.2370000000	n/a	820237	998
820.6430000000	n/a	820643	208
821.2090000000	n/a	821209	206
821.4090000000	n/a	821409	184
821.9010000000	n/a	821901	998
822.4260000000	n/a	822426	208
822.9930000000	n/a	822993	146
823.1930000000	n/a	823193	231
823.6530000000	n/a	823653	998
824.2090000000	n/a	824209	208
824.7760000000	n/a	824776	142
824.9760000000	n/a	824976	144
825.5250000000	n/a	825525	998
825.9930000000	n/a	825993	208
826.5590000000	n/a	826559	206
826.7590000000	n/a	826759	248
827.4130000000	n/a	827413	998
827.7760000000	n/a	827776	208
828.3430000000	n/a	828343	146
828.5430000000	n/a	828543	231
829.3410000000	n/a	829341	998
829.5590000000	n/a	829559	208
830.1260000000	n/a	830126	146
830.3260000000	n/a	830326	215
831.0610000000	n/a	831061	998
831.3420000000	n/a	831342	208
831.9090000000	n/a	831909	206
832.1090000000	n/a	832109	132
832.9090000000	n/a	832909	998
833.1260000000	n/a	833126	208
833.6920000000	n/a	833692	142
833.8920000000	n/a	833892	144
834.9090000000	n/a	834909	999
834.9490000000	n/a	834949	224
835.4760000000	n/a	835476	142
835.6760000000	n/a	835676	176
836.6920000000	n/a	836692	999
836.9330000000	n/a	836933	160
837.2590000000	n/a	837259	236
837.4590000000	n/a	837459	207
838.1090000000	n/a	838109	998
838.4760000000	n/a	838476	208
839.0420000000	n/a	839042	206
839.2420000000	n/a	839242	216
839.8210000000	n/a	839821	998
840.2590000000	n/a	840259	208
840.8260000000	n/a	840826	210
841.0260000000	n/a	841026	223
841.5010000000	n/a	841501	998
842.0420000000	n/a	842042	208
842.6090000000	n/a	842609	186
842.8090000000	n/a	842809	167
843.5010000000	n/a	843501	998
843.8260000000	n/a	843826	208
844.3920000000	n/a	844392	236
844.5920000000	n/a	844592	159
845.1330000000	n/a	845133	998
845.6090000000	n/a	845609	208
846.1760000000	n/a	846176	146
846.3760000000	n/a	846376	231
846.9890000000	n/a	846989	998
847.3920000000	n/a	847392	208
847.9590000000	n/a	847959	206
848.1590000000	n/a	848159	248
849.1570000000	n/a	849157	998
849.1760000000	n/a	849176	208
849.7420000000	n/a	849742	206
849.9420000000	n/a	849942	216
850.5410000000	n/a	850541	998
850.9590000000	n/a	850959	208
851.5250000000	n/a	851525	210
851.7250000000	n/a	851725	209
852.4370000000	n/a	852437	998
852.7420000000	n/a	852742	208
853.3090000000	n/a	853309	146
853.5090000000	n/a	853509	151
854.1330000000	n/a	854133	999
854.5250000000	n/a	854525	208
855.0920000000	n/a	855092	210
855.2920000000	n/a	855292	191
856.0130000000	n/a	856013	998
856.3090000000	n/a	856309	208
856.8930000000	n/a	856893	146
857.0930000000	n/a	857093	231
857.7340000000	n/a	857734	998
858.1100000000	n/a	858110	208
858.6930000000	n/a	858693	206
858.8930000000	n/a	858893	216
859.4290000000	n/a	859429	998
859.9100000000	n/a	859910	208
860.4930000000	n/a	860493	142
860.6930000000	n/a	860693	176
861.2930000000	n/a	861293	998
861.7100000000	n/a	861710	208
862.2930000000	n/a	862293	142
862.4930000000	n/a	862493	144
863.0690000000	n/a	863069	999
863.5100000000	n/a	863510	208
864.0930000000	n/a	864093	236
864.2930000000	n/a	864293	159
865.2050000000	n/a	865205	998
865.3100000000	n/a	865310	208
865.8760000000	n/a	865876	186
866.0760000000	n/a	866076	199
866.7410000000	n/a	866741	998
867.0930000000	n/a	867093	208
867.6760000000	n/a	867676	210
867.8760000000	n/a	867876	223
868.4690000000	n/a	868469	998
868.8930000000	n/a	868893	208
869.4760000000	n/a	869476	142
869.6760000000	n/a	869676	300
870.3330000000	n/a	870333	998
870.6930000000	n/a	870693	208
871.2760000000	n/a	871276	210
871.4760000000	n/a	871476	255
872.0290000000	n/a	872029	998
872.4930000000	n/a	872493	208
873.0760000000	n/a	873076	206
873.2760000000	n/a	873276	132
873.8930000000	n/a	873893	998
874.2930000000	n/a	874293	208
874.8760000000	n/a	874876	236
875.0760000000	n/a	875076	207
875.7490000000	n/a	875749	998
876.0930000000	n/a	876093	208
876.6760000000	n/a	876676	146
876.8760000000	n/a	876876	215
877.7330000000	n/a	877733	998
877.8930000000	n/a	877893	208
878.4590000000	n/a	878459	146
878.6590000000	n/a	878659	183
879.2370000000	n/a	879237	998
879.6760000000	n/a	879676	208
880.2590000000	n/a	880259	146
880.4590000000	n/a	880459	183
881.1890000000	n/a	881189	998
881.4760000000	n/a	881476	208
882.0430000000	n/a	882043	142
882.2430000000	n/a	882243	144
882.9810000000	n/a	882981	998
883.2590000000	n/a	883259	208
883.8260000000	n/a	883826	142
884.0260000000	n/a	884026	144
884.7570000000	n/a	884757	998
885.0430000000	n/a	885043	208
885.6260000000	n/a	885626	186
885.8260000000	n/a	885826	167
886.6130000000	n/a	886613	998
886.8430000000	n/a	886843	208
887.4260000000	n/a	887426	186
887.6260000000	n/a	887626	167
888.2290000000	n/a	888229	998
888.6420000000	n/a	888642	208
889.2260000000	n/a	889226	186
889.4260000000	n/a	889426	135
889.9410000000	n/a	889941	999
890.4420000000	n/a	890442	208
891.0260000000	n/a	891026	146
891.2260000000	n/a	891226	231
891.7890000000	n/a	891789	998
892.2420000000	n/a	892242	208
892.8260000000	n/a	892826	236
893.0260000000	n/a	893026	207
893.5170000000	n/a	893517	998
894.0420000000	n/a	894042	208
894.6260000000	n/a	894626	142
894.8270000000	n/a	894827	176
895.4220000000	n/a	895422	998
895.8430000000	n/a	895843	208
896.4270000000	n/a	896427	210
896.6270000000	n/a	896627	191
897.4460000000	n/a	897446	998
897.6430000000	n/a	897643	208
898.2270000000	n/a	898227	236
898.4270000000	n/a	898427	175
898.9660000000	n/a	898966	998
899.4430000000	n/a	899443	208
900.0270000000	n/a	900027	186
900.2270000000	n/a	900227	135
900.7260000000	n/a	900726	998
901.2430000000	n/a	901243	208
901.8100000000	n/a	901810	210
902.0100000000	n/a	902010	223
902.5180000000	n/a	902518	998
903.0270000000	n/a	903027	208
903.6100000000	n/a	903610	236
903.8100000000	n/a	903810	159
904.6940000000	n/a	904694	998
904.8270000000	n/a	904827	208
905.4100000000	n/a	905410	186
905.6100000000	n/a	905610	251
906.2940000000	n/a	906294	998
906.6270000000	n/a	906627	208
907.2100000000	n/a	907210	210
907.4100000000	n/a	907410	255
908.0940000000	n/a	908094	998
908.4260000000	n/a	908426	208
909.0100000000	n/a	909010	210
909.2100000000	n/a	909210	223
909.8300000000	n/a	909830	998
910.2260000000	n/a	910226	208
910.7930000000	n/a	910793	236
910.9930000000	n/a	910993	239
911.6540000000	n/a	911654	998
912.0100000000	n/a	912010	208
912.5930000000	n/a	912593	146
912.7930000000	n/a	912793	151
913.5260000000	n/a	913526	998
913.8100000000	n/a	913810	208
914.3930000000	n/a	914393	186
914.5930000000	n/a	914593	199
915.2940000000	n/a	915294	998
915.6100000000	n/a	915610	208
916.1930000000	n/a	916193	210
916.3930000000	n/a	916393	223
917.1490000000	n/a	917149	998
917.4100000000	n/a	917410	208
917.9760000000	n/a	917976	146
918.1760000000	n/a	918176	183
918.7810000000	n/a	918781	998
919.1930000000	n/a	919193	208
919.7600000000	n/a	919760	210
919.9600000000	n/a	919960	255
920.6530000000	n/a	920653	998
920.9760000000	n/a	920976	208
921.5600000000	n/a	921560	186
921.7600000000	n/a	921760	251
922.4370000000	n/a	922437	998
922.7760000000	n/a	922776	208
923.3430000000	n/a	923343	206
923.5430000000	n/a	923543	132
924.1810000000	n/a	924181	998
924.5600000000	n/a	924560	208
925.1430000000	n/a	925143	186
925.3430000000	n/a	925343	135
926.1570000000	n/a	926157	998
926.3590000000	n/a	926359	208
926.9430000000	n/a	926943	146
927.1430000000	n/a	927143	231
927.7010000000	n/a	927701	998
928.1590000000	n/a	928159	208
928.7430000000	n/a	928743	210
928.9430000000	n/a	928943	209
929.5490000000	n/a	929549	998
929.9590000000	n/a	929959	208
930.5430000000	n/a	930543	236
930.7430000000	n/a	930743	175
931.7590000000	n/a	931759	999
931.8210000000	n/a	931821	160
932.3260000000	n/a	932326	210
932.5260000000	n/a	932526	191
933.1820000000	n/a	933182	998
933.5440000000	n/a	933544	208
934.1270000000	n/a	934127	142
934.3270000000	n/a	934327	144
934.8060000000	n/a	934806	998
935.3440000000	n/a	935344	208
935.9270000000	n/a	935927	146
936.1270000000	n/a	936127	151
936.6780000000	n/a	936678	998
937.1440000000	n/a	937144	208
937.7270000000	n/a	937727	142
937.9270000000	n/a	937927	300
938.5500000000	n/a	938550	998
938.9440000000	n/a	938944	208
999.8440000000	n/a	999844	200
1004.9100000000	n/a	1004910	142
1005.1100000000	n/a	1005110	145
1005.7500000000	n/a	1005750	998
1006.1270000000	n/a	1006127	208
1006.7100000000	n/a	1006710	142
1006.9100000000	n/a	1006910	300
1007.5980000000	n/a	1007598	998
1007.9270000000	n/a	1007927	208
1008.5100000000	n/a	1008510	210
1008.7110000000	n/a	1008711	209
1009.3990000000	n/a	1009399	998
1009.7280000000	n/a	1009728	208
1010.3110000000	n/a	1010311	236
1010.5110000000	n/a	1010511	207
1011.2390000000	n/a	1011239	998
1011.5280000000	n/a	1011528	208
1012.1110000000	n/a	1012111	146
1012.3110000000	n/a	1012311	183
1012.9350000000	n/a	1012935	998
1013.3280000000	n/a	1013328	208
1013.8940000000	n/a	1013894	186
1014.0940000000	n/a	1014094	251
1014.7830000000	n/a	1014783	998
1015.1110000000	n/a	1015111	208
1015.6780000000	n/a	1015678	146
1015.8780000000	n/a	1015878	151
1016.5350000000	n/a	1016535	999
1016.8940000000	n/a	1016894	208
1017.4610000000	n/a	1017461	210
1017.6610000000	n/a	1017661	255
1018.2870000000	n/a	1018287	998
1018.6780000000	n/a	1018678	208
1019.2610000000	n/a	1019261	206
1019.4610000000	n/a	1019461	132
1020.3510000000	n/a	1020351	998
1020.4780000000	n/a	1020478	208
1021.0610000000	n/a	1021061	236
1021.2610000000	n/a	1021261	159
1021.8710000000	n/a	1021871	998
1022.2770000000	n/a	1022277	208
1022.8610000000	n/a	1022861	146
1023.0610000000	n/a	1023061	215
1023.6550000000	n/a	1023655	998
1024.0770000000	n/a	1024077	208
1024.6610000000	n/a	1024661	206
1024.8610000000	n/a	1024861	216
1025.3990000000	n/a	1025399	999
1025.8770000000	n/a	1025877	208
1026.4610000000	n/a	1026461	186
1026.6610000000	n/a	1026661	167
1027.4070000000	n/a	1027407	998
1027.6770000000	n/a	1027677	208
1028.2440000000	n/a	1028244	206
1028.4440000000	n/a	1028444	132
1029.2950000000	n/a	1029295	998
1029.4610000000	n/a	1029461	208
1030.0440000000	n/a	1030044	142
1030.2440000000	n/a	1030244	145
1030.8070000000	n/a	1030807	998
1031.2610000000	n/a	1031261	208
1031.8440000000	n/a	1031844	146
1032.0440000000	n/a	1032044	215
1032.8540000000	n/a	1032854	998
1033.0610000000	n/a	1033061	208
1033.6440000000	n/a	1033644	236
1033.8440000000	n/a	1033844	175
1034.6380000000	n/a	1034638	998
1034.8610000000	n/a	1034861	208
1035.4270000000	n/a	1035427	210
1035.6270000000	n/a	1035627	223
1036.5820000000	n/a	1036582	998
1036.6440000000	n/a	1036644	208
1037.2270000000	n/a	1037227	186
1037.4270000000	n/a	1037427	251
1038.0540000000	n/a	1038054	998
1038.4440000000	n/a	1038444	208
1039.0270000000	n/a	1039027	236
1039.2270000000	n/a	1039227	159
1040.2440000000	n/a	1040244	999
1040.2860000000	n/a	1040286	224
1040.8110000000	n/a	1040811	236
1041.0100000000	n/a	1041010	175
1041.7660000000	n/a	1041766	998
1042.0270000000	n/a	1042027	208
1042.6100000000	n/a	1042610	210
1042.8100000000	n/a	1042810	191
1043.4460000000	n/a	1043446	999
1043.8270000000	n/a	1043827	208
1044.4100000000	n/a	1044410	236
1044.6100000000	n/a	1044610	159
1045.4220000000	n/a	1045422	998
1045.6270000000	n/a	1045627	208
1046.2100000000	n/a	1046210	142
1046.4100000000	n/a	1046410	145
1047.0230000000	n/a	1047023	998
1047.4280000000	n/a	1047428	208
1047.9950000000	n/a	1047995	236
1048.1950000000	n/a	1048195	159
1048.9030000000	n/a	1048903	998
1049.2110000000	n/a	1049211	208
1049.7780000000	n/a	1049778	206
1049.9780000000	n/a	1049978	184
1050.5830000000	n/a	1050583	998
1050.9950000000	n/a	1050995	208
1051.5610000000	n/a	1051561	210
1051.7610000000	n/a	1051761	255
1052.3990000000	n/a	1052399	998
1052.7780000000	n/a	1052778	208
1053.3610000000	n/a	1053361	210
1053.5610000000	n/a	1053561	191
1054.4630000000	n/a	1054463	998
1054.5780000000	n/a	1054578	208
1055.1450000000	n/a	1055145	146
1055.3450000000	n/a	1055345	183
1056.0470000000	n/a	1056047	998
1056.3610000000	n/a	1056361	208
1056.9450000000	n/a	1056945	206
1057.1450000000	n/a	1057145	132
1057.7670000000	n/a	1057767	998
1058.1610000000	n/a	1058161	208
1058.7280000000	n/a	1058728	146
1058.9280000000	n/a	1058928	215
1059.5590000000	n/a	1059559	998
1059.9450000000	n/a	1059945	208
1060.5280000000	n/a	1060528	206
1060.7280000000	n/a	1060728	132
1061.1910000000	n/a	1061191	998
1061.7440000000	n/a	1061744	208
1062.3280000000	n/a	1062328	236
1062.5280000000	n/a	1062528	239
1063.1190000000	n/a	1063119	998
1063.5440000000	n/a	1063544	208
1064.1280000000	n/a	1064128	142
1064.3280000000	n/a	1064328	300
1064.9350000000	n/a	1064935	998
1065.3440000000	n/a	1065344	208
1065.9110000000	n/a	1065911	146
1066.1110000000	n/a	1066111	231
1066.7270000000	n/a	1066727	998
1067.1280000000	n/a	1067128	208
1067.6940000000	n/a	1067694	146
1067.8940000000	n/a	1067894	231
1068.6630000000	n/a	1068663	998
1068.9110000000	n/a	1068911	208
1069.4940000000	n/a	1069494	186
1069.6940000000	n/a	1069694	199
1070.3110000000	n/a	1070311	998
1070.7110000000	n/a	1070711	208
1071.2780000000	n/a	1071278	206
1071.4780000000	n/a	1071478	248
1072.0150000000	n/a	1072015	998
1072.4940000000	n/a	1072494	208
1073.0780000000	n/a	1073078	236
1073.2780000000	n/a	1073278	239
1073.7270000000	n/a	1073727	998
1074.2940000000	n/a	1074294	208
1074.8610000000	n/a	1074861	210
1075.0610000000	n/a	1075061	209
1075.7110000000	n/a	1075711	998
1076.0780000000	n/a	1076078	208
1076.6440000000	n/a	1076644	210
1076.8440000000	n/a	1076844	255
1077.4630000000	n/a	1077463	998
1077.8610000000	n/a	1077861	208
1078.4440000000	n/a	1078444	236
1078.6440000000	n/a	1078644	175
1079.2870000000	n/a	1079287	998
1079.6610000000	n/a	1079661	208
1080.2270000000	n/a	1080227	186
1080.4270000000	n/a	1080427	199
1080.9910000000	n/a	1080991	998
1081.4440000000	n/a	1081444	208
1082.0270000000	n/a	1082027	236
1082.2270000000	n/a	1082227	159
1082.7110000000	n/a	1082711	998
1083.2440000000	n/a	1083244	208
1083.8270000000	n/a	1083827	146
1084.0270000000	n/a	1084027	183
1084.5510000000	n/a	1084551	998
1085.0450000000	n/a	1085045	208
1085.6280000000	n/a	1085628	146
1085.8280000000	n/a	1085828	151
1086.4240000000	n/a	1086424	998
1086.8450000000	n/a	1086845	208
1087.4120000000	n/a	1087412	210
1087.6120000000	n/a	1087612	191
1088.2240000000	n/a	1088224	999
1088.6280000000	n/a	1088628	208
1089.1950000000	n/a	1089195	146
1089.3950000000	n/a	1089395	231
1089.9430000000	n/a	1089943	999
1090.4120000000	n/a	1090412	208
1090.9780000000	n/a	1090978	186
1091.1780000000	n/a	1091178	167
1091.8630000000	n/a	1091863	998
1092.1950000000	n/a	1092195	208
1092.7620000000	n/a	1092762	146
1092.9620000000	n/a	1092962	183
1093.6310000000	n/a	1093631	998
1093.9780000000	n/a	1093978	208
1094.5620000000	n/a	1094562	236
1094.7620000000	n/a	1094762	175
1095.3830000000	n/a	1095383	998
1095.7780000000	n/a	1095778	208
1096.3620000000	n/a	1096362	186
1096.5620000000	n/a	1096562	251
1097.1030000000	n/a	1097103	998
1097.5780000000	n/a	1097578	208
1098.1450000000	n/a	1098145	186
1098.3450000000	n/a	1098345	167
1098.9830000000	n/a	1098983	998
1099.3610000000	n/a	1099361	208
1099.9450000000	n/a	1099945	142
1100.1450000000	n/a	1100145	300
1100.8870000000	n/a	1100887	998
1101.1610000000	n/a	1101161	208
1101.7280000000	n/a	1101728	186
1101.9280000000	n/a	1101928	251
1102.6710000000	n/a	1102671	998
1102.9450000000	n/a	1102945	208
1103.5110000000	n/a	1103511	142
1103.7110000000	n/a	1103711	144
1104.3270000000	n/a	1104327	998
1104.7280000000	n/a	1104728	208
1105.3110000000	n/a	1105311	142
1105.5110000000	n/a	1105511	144
1106.1990000000	n/a	1106199	998
1106.5280000000	n/a	1106528	208
1107.1110000000	n/a	1107111	146
1107.3110000000	n/a	1107311	151
1107.9590000000	n/a	1107959	998
1108.3280000000	n/a	1108328	208
1108.9110000000	n/a	1108911	206
1109.1110000000	n/a	1109111	248
1109.7830000000	n/a	1109783	998
1110.1280000000	n/a	1110128	208
1110.7110000000	n/a	1110711	206
1110.9110000000	n/a	1110911	248
1111.3990000000	n/a	1111399	998
1111.9280000000	n/a	1111928	208
1112.5110000000	n/a	1112511	206
1112.7110000000	n/a	1112711	184
1113.2550000000	n/a	1113255	998
1113.7280000000	n/a	1113728	208
1114.3110000000	n/a	1114311	210
1114.5110000000	n/a	1114511	255
1115.1190000000	n/a	1115119	998
1115.5280000000	n/a	1115528	208
1116.0950000000	n/a	1116095	186
1116.2950000000	n/a	1116295	199
1116.7430000000	n/a	1116743	998
1117.3110000000	n/a	1117311	208
1117.8940000000	n/a	1117894	210
1118.0940000000	n/a	1118094	223
1118.8150000000	n/a	1118815	998
1119.1110000000	n/a	1119111	208
1119.6940000000	n/a	1119694	206
1119.8940000000	n/a	1119894	132
1120.4870000000	n/a	1120487	998
1120.9110000000	n/a	1120911	208
1121.4940000000	n/a	1121494	142
1121.6940000000	n/a	1121694	144
1122.2470000000	n/a	1122247	998
1122.7120000000	n/a	1122712	208
1123.2950000000	n/a	1123295	236
1123.4950000000	n/a	1123495	239
1124.1760000000	n/a	1124176	998
1124.5120000000	n/a	1124512	208
1125.0790000000	n/a	1125079	146
1125.2790000000	n/a	1125279	183
1125.8960000000	n/a	1125896	998
1126.2950000000	n/a	1126295	208
1126.8790000000	n/a	1126879	210
1127.0790000000	n/a	1127079	223
1127.6560000000	n/a	1127656	998
1128.0950000000	n/a	1128095	208
1128.6620000000	n/a	1128662	210
1128.8620000000	n/a	1128862	191
1129.4800000000	n/a	1129480	998
1129.8790000000	n/a	1129879	208
1130.4620000000	n/a	1130462	236
1130.6620000000	n/a	1130662	175
1131.6790000000	n/a	1131679	999
1131.7040000000	n/a	1131704	160
1132.2620000000	n/a	1132262	142
1132.4620000000	n/a	1132462	208
1133.0000000000	n/a	1133000	224
1133.4790000000	n/a	1133479	300
1134.0620000000	n/a	1134062	999
1134.2620000000	n/a	1134262	199
1134.8240000000	n/a	1134824	998
1135.2790000000	n/a	1135279	208
1135.8620000000	n/a	1135862	142
1136.0620000000	n/a	1136062	300
1136.7040000000	n/a	1136704	998
1137.0780000000	n/a	1137078	208
1137.6620000000	n/a	1137662	146
1137.8620000000	n/a	1137862	183
1138.5600000000	n/a	1138560	998
1138.8780000000	n/a	1138878	208
1139.4620000000	n/a	1139462	186
1139.6620000000	n/a	1139662	251
1140.4560000000	n/a	1140456	998
1140.6780000000	n/a	1140678	208
1141.2620000000	n/a	1141262	206
1141.4620000000	n/a	1141462	132
1142.1120000000	n/a	1142112	998
1142.4780000000	n/a	1142478	208
1143.0620000000	n/a	1143062	142
1143.2620000000	n/a	1143262	144
1144.2400000000	n/a	1144240	998
1144.2780000000	n/a	1144278	208
1144.8620000000	n/a	1144862	236
1145.0620000000	n/a	1145062	207
1145.6160000000	n/a	1145616	998
1146.0780000000	n/a	1146078	208
1146.6620000000	n/a	1146662	142
1146.8620000000	n/a	1146862	145
1147.4150000000	n/a	1147415	998
1147.8780000000	n/a	1147878	208
1148.4620000000	n/a	1148462	186
1148.6620000000	n/a	1148662	167
1149.4470000000	n/a	1149447	998
1149.6780000000	n/a	1149678	208
1150.2620000000	n/a	1150262	236
1150.4620000000	n/a	1150462	239
1151.4710000000	n/a	1151471	998
1151.4780000000	n/a	1151478	208
1152.0620000000	n/a	1152062	142
1152.2620000000	n/a	1152262	300
1152.7190000000	n/a	1152719	998
1153.2780000000	n/a	1153278	208
1153.8450000000	n/a	1153845	236
1154.0450000000	n/a	1154045	175
1154.6950000000	n/a	1154695	998
1155.0620000000	n/a	1155062	208
1155.6450000000	n/a	1155645	186
1155.8450000000	n/a	1155845	135
1156.4950000000	n/a	1156495	998
1156.8610000000	n/a	1156861	208
1157.4280000000	n/a	1157428	142
1157.6280000000	n/a	1157628	176
1158.3830000000	n/a	1158383	998
1158.6450000000	n/a	1158645	208
1159.2280000000	n/a	1159228	146
1159.4280000000	n/a	1159428	151
1160.0950000000	n/a	1160095	998
1160.4450000000	n/a	1160445	208
1161.0290000000	n/a	1161029	186
1161.2290000000	n/a	1161229	199
1161.9440000000	n/a	1161944	998
1162.2460000000	n/a	1162246	208
1162.8290000000	n/a	1162829	186
1163.0290000000	n/a	1163029	251
1163.5920000000	n/a	1163592	998
1164.0460000000	n/a	1164046	208
1164.6120000000	n/a	1164612	146
1164.8120000000	n/a	1164812	231
1165.3840000000	n/a	1165384	998
1165.8290000000	n/a	1165829	208
1166.4120000000	n/a	1166412	210
1166.6120000000	n/a	1166612	223
1167.1120000000	n/a	1167112	998
1167.6290000000	n/a	1167629	208
1168.2120000000	n/a	1168212	146
1168.4120000000	n/a	1168412	183
1168.9040000000	n/a	1168904	998
1169.4290000000	n/a	1169429	208
1169.9960000000	n/a	1169996	186
1170.1960000000	n/a	1170196	135
1170.7760000000	n/a	1170776	998
1171.2120000000	n/a	1171212	208
1171.7960000000	n/a	1171796	210
1171.9960000000	n/a	1171996	191
1172.5760000000	n/a	1172576	998
1173.0120000000	n/a	1173012	208
1173.5790000000	n/a	1173579	186
1173.7790000000	n/a	1173779	251
1174.3280000000	n/a	1174328	998
1174.7960000000	n/a	1174796	208
1175.3790000000	n/a	1175379	186
1175.5790000000	n/a	1175579	251
1176.0960000000	n/a	1176096	998
1176.5950000000	n/a	1176595	208
1177.1790000000	n/a	1177179	186
1177.3790000000	n/a	1177379	135
1177.9520000000	n/a	1177952	998
1178.3950000000	n/a	1178395	208
1178.9790000000	n/a	1178979	142
1179.1790000000	n/a	1179179	300
1179.9760000000	n/a	1179976	998
1180.1950000000	n/a	1180195	208
1180.7790000000	n/a	1180779	146
1180.9790000000	n/a	1180979	231
1181.5200000000	n/a	1181520	998
1181.9950000000	n/a	1181995	208
1182.5620000000	n/a	1182562	236
1182.7620000000	n/a	1182762	239
1183.5040000000	n/a	1183504	998
1183.7790000000	n/a	1183779	208
1184.3450000000	n/a	1184345	206
1184.5450000000	n/a	1184545	184
1185.0880000000	n/a	1185088	998
1185.5620000000	n/a	1185562	208
1186.1450000000	n/a	1186145	210
1186.3450000000	n/a	1186345	191
1187.0080000000	n/a	1187008	998
1187.3620000000	n/a	1187362	208
1187.9450000000	n/a	1187945	206
1188.1450000000	n/a	1188145	216
1188.7440000000	n/a	1188744	998
1189.1620000000	n/a	1189162	208
1189.7450000000	n/a	1189745	186
1189.9450000000	n/a	1189945	199
1190.6480000000	n/a	1190648	998
1190.9620000000	n/a	1190962	208
1191.5450000000	n/a	1191545	236
1191.7450000000	n/a	1191745	239
1192.3760000000	n/a	1192376	998
1192.7620000000	n/a	1192762	208
1193.3450000000	n/a	1193345	142
1193.5450000000	n/a	1193545	300
1194.1120000000	n/a	1194112	998
1194.5620000000	n/a	1194562	208
1195.1450000000	n/a	1195145	210
1195.3450000000	n/a	1195345	191
1196.3120000000	n/a	1196312	999
1196.3620000000	n/a	1196362	208
1196.9450000000	n/a	1196945	210
1197.1450000000	n/a	1197145	191
1197.7920000000	n/a	1197792	998
1198.1620000000	n/a	1198162	208
1198.7460000000	n/a	1198746	206
1198.9460000000	n/a	1198946	248
1199.5290000000	n/a	1199529	998
1199.9630000000	n/a	1199963	208
1200.5460000000	n/a	1200546	146
1200.7460000000	n/a	1200746	151
1201.3530000000	n/a	1201353	998
1201.7630000000	n/a	1201763	208
1202.3460000000	n/a	1202346	186
1202.5460000000	n/a	1202546	135
1203.1610000000	n/a	1203161	998
1203.5630000000	n/a	1203563	208
1204.1460000000	n/a	1204146	236
1204.3460000000	n/a	1204346	207
1205.0720000000	n/a	1205072	998
1205.3630000000	n/a	1205363	208
1205.9290000000	n/a	1205929	142
1206.1290000000	n/a	1206129	176
1206.7760000000	n/a	1206776	998
1207.1460000000	n/a	1207146	208
1207.7130000000	n/a	1207713	186
1207.9130000000	n/a	1207913	199
1208.6320000000	n/a	1208632	998
1208.9290000000	n/a	1208929	208
1209.5130000000	n/a	1209513	146
1209.7130000000	n/a	1209713	151
1210.5600000000	n/a	1210560	998
1210.7290000000	n/a	1210729	208
1211.3130000000	n/a	1211313	236
1211.5130000000	n/a	1211513	239
1212.0720000000	n/a	1212072	998
1212.5290000000	n/a	1212529	208
1213.1130000000	n/a	1213113	236
1213.3130000000	n/a	1213313	239
1214.1520000000	n/a	1214152	998
1214.3290000000	n/a	1214329	208
1214.9120000000	n/a	1214912	206
1215.1120000000	n/a	1215112	184
1215.9360000000	n/a	1215936	998
1216.1290000000	n/a	1216129	208
1216.7120000000	n/a	1216712	210
1216.9120000000	n/a	1216912	223
1217.5280000000	n/a	1217528	998
1217.9290000000	n/a	1217929	208
1218.4960000000	n/a	1218496	146
1218.6960000000	n/a	1218696	215
1219.3840000000	n/a	1219384	998
1219.7120000000	n/a	1219712	208
1220.2960000000	n/a	1220296	142
1220.4960000000	n/a	1220496	176
1221.4000000000	n/a	1221400	998
1221.5120000000	n/a	1221512	208
1222.0960000000	n/a	1222096	236
1222.2960000000	n/a	1222296	175
1223.1040000000	n/a	1223104	998
1223.3120000000	n/a	1223312	208
1223.8960000000	n/a	1223896	236
1224.0960000000	n/a	1224096	207
1224.6320000000	n/a	1224632	998
1225.1120000000	n/a	1225112	208
1225.6790000000	n/a	1225679	142
1225.8790000000	n/a	1225879	144
1226.5360000000	n/a	1226536	998
1226.8960000000	n/a	1226896	208
1227.4790000000	n/a	1227479	142
1227.6790000000	n/a	1227679	145
1228.1920000000	n/a	1228192	998
1228.6960000000	n/a	1228696	208
1229.2620000000	n/a	1229262	206
1229.4620000000	n/a	1229462	248
1230.0320000000	n/a	1230032	998
1230.4790000000	n/a	1230479	208
1231.0620000000	n/a	1231062	210
1231.2620000000	n/a	1231262	255
1232.2790000000	n/a	1232279	999
1232.3280000000	n/a	1232328	224
1232.8450000000	n/a	1232845	186
1233.0450000000	n/a	1233045	199
1233.5920000000	n/a	1233592	998
1234.0620000000	n/a	1234062	208
1234.6450000000	n/a	1234645	146
1234.8450000000	n/a	1234845	183
1235.3360000000	n/a	1235336	998
1235.8620000000	n/a	1235862	208
1236.4450000000	n/a	1236445	186
1236.6450000000	n/a	1236645	199
1237.6630000000	n/a	1237663	999
1238.2300000000	n/a	1238230	210
1238.4300000000	n/a	1238430	223
1238.9930000000	n/a	1238993	998
1239.4460000000	n/a	1239446	208
1240.0300000000	n/a	1240030	186
1240.2300000000	n/a	1240230	167
1240.7930000000	n/a	1240793	998
1241.2460000000	n/a	1241246	208
1241.8300000000	n/a	1241830	142
1242.0300000000	n/a	1242030	144
1242.5770000000	n/a	1242577	999
1243.0460000000	n/a	1243046	208
1243.6300000000	n/a	1243630	186
1243.8300000000	n/a	1243830	135
1244.4170000000	n/a	1244417	999
1244.8460000000	n/a	1244846	208
1245.4300000000	n/a	1245430	206
1245.6300000000	n/a	1245630	216
1246.1130000000	n/a	1246113	998
1246.6460000000	n/a	1246646	208
1247.2300000000	n/a	1247230	206
1247.4300000000	n/a	1247430	216
1247.9370000000	n/a	1247937	998
1248.4460000000	n/a	1248446	208
1249.0300000000	n/a	1249030	210
1249.2300000000	n/a	1249230	191
1249.7610000000	n/a	1249761	998
1250.2460000000	n/a	1250246	208
1250.8130000000	n/a	1250813	186
1251.0130000000	n/a	1251013	199
1251.7290000000	n/a	1251729	998
1252.0290000000	n/a	1252029	208
1252.5960000000	n/a	1252596	206
1252.7960000000	n/a	1252796	216
1253.4410000000	n/a	1253441	998
1253.8130000000	n/a	1253813	208
1254.3960000000	n/a	1254396	186
1254.5960000000	n/a	1254596	199
1255.3450000000	n/a	1255345	998
1255.6130000000	n/a	1255613	208
1256.1960000000	n/a	1256196	210
1256.3960000000	n/a	1256396	255
1257.2010000000	n/a	1257201	998
1257.4130000000	n/a	1257413	208
1257.9960000000	n/a	1257996	186
1258.1960000000	n/a	1258196	251
1258.7930000000	n/a	1258793	998
1259.2130000000	n/a	1259213	208
1259.7960000000	n/a	1259796	186
1259.9960000000	n/a	1259996	167
1260.6570000000	n/a	1260657	998
1261.0130000000	n/a	1261013	208
1261.5960000000	n/a	1261596	206
1261.7960000000	n/a	1261796	216
1262.3290000000	n/a	1262329	998
1262.8130000000	n/a	1262813	208
1263.3960000000	n/a	1263396	142
1263.5960000000	n/a	1263596	144
1264.2080000000	n/a	1264208	999
1264.6130000000	n/a	1264613	208
1265.1960000000	n/a	1265196	186
1265.3960000000	n/a	1265396	199
1266.0800000000	n/a	1266080	998
1266.4130000000	n/a	1266413	208
1266.9790000000	n/a	1266979	186
1267.1790000000	n/a	1267179	199
1267.9040000000	n/a	1267904	998
1268.1960000000	n/a	1268196	208
1268.7790000000	n/a	1268779	142
1268.9790000000	n/a	1268979	176
1269.6400000000	n/a	1269640	998
1269.9960000000	n/a	1269996	208
1270.5790000000	n/a	1270579	186
1270.7790000000	n/a	1270779	135
1271.5200000000	n/a	1271520	998
1271.7960000000	n/a	1271796	208
1272.3790000000	n/a	1272379	146
1272.5790000000	n/a	1272579	151
1273.3280000000	n/a	1273328	998
1273.5960000000	n/a	1273596	208
1274.1620000000	n/a	1274162	142
1274.3620000000	n/a	1274362	145
1274.8250000000	n/a	1274825	998
1275.3800000000	n/a	1275380	208
1275.9470000000	n/a	1275947	146
1276.1470000000	n/a	1276147	231
1276.7290000000	n/a	1276729	998
1277.1630000000	n/a	1277163	208
1277.7470000000	n/a	1277747	236
1277.9470000000	n/a	1277947	207
1278.5930000000	n/a	1278593	998
1278.9630000000	n/a	1278963	208
1279.5470000000	n/a	1279547	142
1279.7470000000	n/a	1279747	176
1280.6650000000	n/a	1280665	998
1280.7630000000	n/a	1280763	208
1281.3300000000	n/a	1281330	142
1281.5300000000	n/a	1281530	145
1282.1370000000	n/a	1282137	998
1282.5470000000	n/a	1282547	208
1283.1300000000	n/a	1283130	236
1283.3300000000	n/a	1283330	207
1283.8730000000	n/a	1283873	998
1284.3470000000	n/a	1284347	208
1284.9300000000	n/a	1284930	146
1285.1300000000	n/a	1285130	151
1285.9130000000	n/a	1285913	999
1286.1470000000	n/a	1286147	208
1286.7300000000	n/a	1286730	236
1286.9300000000	n/a	1286930	207
1287.4410000000	n/a	1287441	998
1287.9470000000	n/a	1287947	208
1288.5300000000	n/a	1288530	206
1288.7300000000	n/a	1288730	132
1289.4970000000	n/a	1289497	998
1289.7470000000	n/a	1289747	208
1290.3300000000	n/a	1290330	206
1290.5300000000	n/a	1290530	132
1291.1450000000	n/a	1291145	998
1291.5460000000	n/a	1291546	208
1292.1130000000	n/a	1292113	206
1292.3130000000	n/a	1292313	132
1292.8330000000	n/a	1292833	998
1293.3300000000	n/a	1293330	208
1293.9130000000	n/a	1293913	236
1294.1130000000	n/a	1294113	159
1294.8010000000	n/a	1294801	998
1295.1300000000	n/a	1295130	208
1295.6960000000	n/a	1295696	206
1295.8960000000	n/a	1295896	248
1296.9130000000	n/a	1296913	999
1297.4960000000	n/a	1297496	186
1297.6960000000	n/a	1297696	167
1298.2890000000	n/a	1298289	998
1298.7130000000	n/a	1298713	208
1299.2960000000	n/a	1299296	236
1299.4960000000	n/a	1299496	207
1300.4250000000	n/a	1300425	998
1300.5130000000	n/a	1300513	208
1301.0960000000	n/a	1301096	142
1301.2960000000	n/a	1301296	145
1301.9450000000	n/a	1301945	998
1302.3130000000	n/a	1302313	208
1302.8960000000	n/a	1302896	146
1303.0960000000	n/a	1303096	151
1303.6090000000	n/a	1303609	999
1304.1130000000	n/a	1304113	208
1304.6960000000	n/a	1304696	206
1304.8960000000	n/a	1304896	184
1305.3530000000	n/a	1305353	998
1305.9130000000	n/a	1305913	208
1306.4960000000	n/a	1306496	236
1306.6960000000	n/a	1306696	159
1307.3290000000	n/a	1307329	998
1307.7130000000	n/a	1307713	208
1308.2800000000	n/a	1308280	186
1308.4800000000	n/a	1308480	251
1308.8810000000	n/a	1308881	998
1309.4960000000	n/a	1309496	208
1310.0790000000	n/a	1310079	186
1310.2790000000	n/a	1310279	135
1310.9610000000	n/a	1310961	998
1311.2960000000	n/a	1311296	208
1311.8790000000	n/a	1311879	206
1312.0790000000	n/a	1312079	248
1312.6900000000	n/a	1312690	998
1313.0970000000	n/a	1313097	208
1313.6640000000	n/a	1313664	210
1313.8640000000	n/a	1313864	223
1314.4900000000	n/a	1314490	998
1314.8800000000	n/a	1314880	208
1315.4640000000	n/a	1315464	146
1315.6640000000	n/a	1315664	151
1316.3140000000	n/a	1316314	998
1316.6800000000	n/a	1316680	208
1317.2640000000	n/a	1317264	186
1317.4640000000	n/a	1317464	135
1318.0500000000	n/a	1318050	998
1318.4800000000	n/a	1318480	208
1319.0640000000	n/a	1319064	206
1319.2640000000	n/a	1319264	216
1319.7290000000	n/a	1319729	998
1320.2800000000	n/a	1320280	208
1320.8640000000	n/a	1320864	236
1321.0640000000	n/a	1321064	175
1321.6410000000	n/a	1321641	998
1322.0800000000	n/a	1322080	208
1322.6640000000	n/a	1322664	142
1322.8640000000	n/a	1322864	176
1323.6090000000	n/a	1323609	998
1323.8800000000	n/a	1323880	208
1324.4640000000	n/a	1324464	206
1324.6640000000	n/a	1324664	216
1325.3050000000	n/a	1325305	998
1325.6800000000	n/a	1325680	208
1326.2640000000	n/a	1326264	142
1326.4640000000	n/a	1326464	144
1327.0090000000	n/a	1327009	999
1327.4800000000	n/a	1327480	208
1328.0470000000	n/a	1328047	236
1328.2470000000	n/a	1328247	175
1328.7050000000	n/a	1328705	998
1329.2630000000	n/a	1329263	208
1329.8470000000	n/a	1329847	210
1330.0470000000	n/a	1330047	191
1330.4570000000	n/a	1330457	998
1331.0630000000	n/a	1331063	208
1331.6300000000	n/a	1331630	186
1331.8300000000	n/a	1331830	251
1332.3850000000	n/a	1332385	998
1332.8470000000	n/a	1332847	208
1333.4300000000	n/a	1333430	210
1333.6300000000	n/a	1333630	223
1334.2890000000	n/a	1334289	998
1334.6470000000	n/a	1334647	208
1335.2300000000	n/a	1335230	206
1335.4300000000	n/a	1335430	132
1335.9770000000	n/a	1335977	998
1336.4470000000	n/a	1336447	208
1337.0130000000	n/a	1337013	146
1337.2130000000	n/a	1337213	151
1338.1130000000	n/a	1338113	998
1338.2300000000	n/a	1338230	208
1338.8130000000	n/a	1338813	146
1339.0130000000	n/a	1339013	215
1339.5530000000	n/a	1339553	998
1340.0300000000	n/a	1340030	208
1340.6130000000	n/a	1340613	236
1340.8130000000	n/a	1340813	175
1341.3930000000	n/a	1341393	998
1341.8300000000	n/a	1341830	208
1342.4130000000	n/a	1342413	236
1342.6130000000	n/a	1342613	239
1343.2170000000	n/a	1343217	998
1343.6300000000	n/a	1343630	208
1344.2130000000	n/a	1344213	210
1344.4130000000	n/a	1344413	191
1344.9690000000	n/a	1344969	998
1345.4300000000	n/a	1345430	208
1346.0130000000	n/a	1346013	142
1346.2130000000	n/a	1346213	176
1347.0570000000	n/a	1347057	998
1347.2300000000	n/a	1347230	208
1347.8130000000	n/a	1347813	186
1348.0130000000	n/a	1348013	167
1348.5930000000	n/a	1348593	998
1349.0300000000	n/a	1349030	208
1349.6130000000	n/a	1349613	186
1349.8130000000	n/a	1349813	135
1350.5050000000	n/a	1350505	998
1350.8310000000	n/a	1350831	208
1351.4140000000	n/a	1351414	210
1351.6140000000	n/a	1351614	223
1352.0820000000	n/a	1352082	998
1352.6310000000	n/a	1352631	208
1353.1970000000	n/a	1353197	206
1353.3970000000	n/a	1353397	184
1354.0020000000	n/a	1354002	998
1354.4140000000	n/a	1354414	208
1354.9970000000	n/a	1354997	142
1355.1970000000	n/a	1355197	300
1355.8660000000	n/a	1355866	998
1356.2140000000	n/a	1356214	208
1356.7970000000	n/a	1356797	186
1356.9970000000	n/a	1356997	167
1357.6660000000	n/a	1357666	998
1358.0140000000	n/a	1358014	208
1358.5970000000	n/a	1358597	210
1358.7970000000	n/a	1358797	255
1359.5060000000	n/a	1359506	998
1359.8140000000	n/a	1359814	208
1360.3970000000	n/a	1360397	142
1360.5970000000	n/a	1360597	300
1361.3220000000	n/a	1361322	999
1361.6140000000	n/a	1361614	208
1362.1970000000	n/a	1362197	146
1362.3970000000	n/a	1362397	151
1363.0580000000	n/a	1363058	998
1363.4140000000	n/a	1363414	208
1363.9810000000	n/a	1363981	146
1364.1810000000	n/a	1364181	231
1364.8900000000	n/a	1364890	998
1365.1970000000	n/a	1365197	208
1365.7640000000	n/a	1365764	210
1365.9640000000	n/a	1365964	223
1366.5860000000	n/a	1366586	998
1366.9800000000	n/a	1366980	208
1367.5470000000	n/a	1367547	206
1367.7470000000	n/a	1367747	216
1368.2340000000	n/a	1368234	998
1368.7640000000	n/a	1368764	208
1369.3470000000	n/a	1369347	210
1369.5470000000	n/a	1369547	191
1370.4820000000	n/a	1370482	998
1370.5640000000	n/a	1370564	208
1371.1470000000	n/a	1371147	142
1371.3470000000	n/a	1371347	145
1371.7940000000	n/a	1371794	998
1372.3640000000	n/a	1372364	208
1372.9470000000	n/a	1372947	210
1373.1470000000	n/a	1373147	209
1373.7460000000	n/a	1373746	998
1374.1640000000	n/a	1374164	208
1374.7470000000	n/a	1374747	206
1374.9470000000	n/a	1374947	184
1375.5940000000	n/a	1375594	998
1375.9640000000	n/a	1375964	208
1376.5470000000	n/a	1376547	146
1376.7470000000	n/a	1376747	183
1377.4490000000	n/a	1377449	998
1377.7640000000	n/a	1377764	208
1378.3470000000	n/a	1378347	142
1378.5470000000	n/a	1378547	300
1379.1450000000	n/a	1379145	998
1379.5640000000	n/a	1379564	208
1380.1470000000	n/a	1380147	206
1380.3470000000	n/a	1380347	184
1381.0490000000	n/a	1381049	998
1381.3640000000	n/a	1381364	208
1381.9470000000	n/a	1381947	142
1382.1470000000	n/a	1382147	176
1382.8170000000	n/a	1382817	998
1383.1640000000	n/a	1383164	208
1383.7470000000	n/a	1383747	236
1383.9470000000	n/a	1383947	175
1384.8570000000	n/a	1384857	998
1384.9640000000	n/a	1384964	208
1385.5470000000	n/a	1385547	146
1385.7470000000	n/a	1385747	151
1386.7630000000	n/a	1386763	999
1386.8410000000	n/a	1386841	160
1387.3470000000	n/a	1387347	210
1387.5470000000	n/a	1387547	223
1388.0170000000	n/a	1388017	998
1388.5630000000	n/a	1388563	208
1389.1480000000	n/a	1389148	236
1389.3480000000	n/a	1389348	175
1389.8420000000	n/a	1389842	998
1390.3640000000	n/a	1390364	208
1390.9480000000	n/a	1390948	210
1391.1480000000	n/a	1391148	223
1391.5380000000	n/a	1391538	998
1392.1640000000	n/a	1392164	208
1392.7480000000	n/a	1392748	206
1392.9480000000	n/a	1392948	184
1393.4740000000	n/a	1393474	998
1393.9640000000	n/a	1393964	208
1394.5480000000	n/a	1394548	142
1394.7480000000	n/a	1394748	176
1395.2820000000	n/a	1395282	998
1395.7640000000	n/a	1395764	208
1396.3480000000	n/a	1396348	142
1396.5480000000	n/a	1396548	300
1397.5640000000	n/a	1397564	999
1397.5780000000	n/a	1397578	224
1398.1480000000	n/a	1398148	206
1398.3480000000	n/a	1398348	132
1398.9460000000	n/a	1398946	998
1399.3640000000	n/a	1399364	208
1399.9480000000	n/a	1399948	210
1400.1480000000	n/a	1400148	209
1400.7380000000	n/a	1400738	998
1401.1640000000	n/a	1401164	208
1401.7480000000	n/a	1401748	210
1401.9480000000	n/a	1401948	209
1402.5460000000	n/a	1402546	998
1402.9640000000	n/a	1402964	208
1403.5480000000	n/a	1403548	186
1403.7480000000	n/a	1403748	199
1404.5860000000	n/a	1404586	998
1404.7640000000	n/a	1404764	208
1405.3470000000	n/a	1405347	186
1405.5470000000	n/a	1405547	135
1406.4740000000	n/a	1406474	998
1406.5640000000	n/a	1406564	208
1407.1310000000	n/a	1407131	142
1407.3310000000	n/a	1407331	144
1407.9620000000	n/a	1407962	998
1408.3470000000	n/a	1408347	208
1408.9310000000	n/a	1408931	206
1409.1310000000	n/a	1409131	248
1409.7060000000	n/a	1409706	999
1410.1470000000	n/a	1410147	208
1410.2180000000	n/a	1410218	224
1410.7140000000	n/a	1410714	206
1410.9140000000	n/a	1410914	184
1411.8660000000	n/a	1411866	998
1411.9310000000	n/a	1411931	208
1412.5140000000	n/a	1412514	236
1412.7140000000	n/a	1412714	175
1413.3620000000	n/a	1413362	998
1413.7310000000	n/a	1413731	208
1414.3140000000	n/a	1414314	142
1414.5140000000	n/a	1414514	145
1415.1940000000	n/a	1415194	998
1415.5310000000	n/a	1415531	208
1416.1140000000	n/a	1416114	142
1416.3140000000	n/a	1416314	176
1416.9940000000	n/a	1416994	998
1417.3310000000	n/a	1417331	208
1417.9140000000	n/a	1417914	186
1418.1140000000	n/a	1418114	199
1418.9220000000	n/a	1418922	998
1419.1310000000	n/a	1419131	208
1419.7140000000	n/a	1419714	236
1419.9140000000	n/a	1419914	239
1420.8260000000	n/a	1420826	998
1420.9310000000	n/a	1420931	208
1421.5140000000	n/a	1421514	186
1421.7140000000	n/a	1421714	199
1422.7310000000	n/a	1422731	999
1422.8980000000	n/a	1422898	224
1423.2970000000	n/a	1423297	206
1423.4970000000	n/a	1423497	132
1424.0660000000	n/a	1424066	998
1424.5140000000	n/a	1424514	208
1425.0970000000	n/a	1425097	236
1425.2970000000	n/a	1425297	159
1425.6900000000	n/a	1425690	998
1426.3140000000	n/a	1426314	208
1426.8980000000	n/a	1426898	146
1427.0980000000	n/a	1427098	183
1427.5310000000	n/a	1427531	998
1428.1150000000	n/a	1428115	208
1428.6980000000	n/a	1428698	146
1428.8980000000	n/a	1428898	231
1429.5710000000	n/a	1429571	998
1429.9150000000	n/a	1429915	208
1430.4980000000	n/a	1430498	142
1430.6980000000	n/a	1430698	145
1431.1710000000	n/a	1431171	998
1431.7150000000	n/a	1431715	208
1432.2980000000	n/a	1432298	206
1432.4980000000	n/a	1432498	184
1433.2020000000	n/a	1433202	998
1433.5150000000	n/a	1433515	208
1434.0980000000	n/a	1434098	206
1434.2980000000	n/a	1434298	248
1435.0020000000	n/a	1435002	998
1435.3150000000	n/a	1435315	208
